-:1022003A>C	1.0
-:1034758C>T	1.0
-:1075279T>C	1.0
-:1076689A>C	1.0
-:1090188_ins_G	1.0
-:1094375C>G	1.0
-:1096633T>G	1.0
-:1099058G>A	1.0
-:1108521G>A	1.0
-:1148259A>G	1.0
-:1159808C>T	1.0
-:1164336G>A	1.0
-:1165521_ins_A	1.0
-:1168715_ins_T	1.0
-:1168776T>G	1.0
-:1175343C>T	1.0
-:1177157G>A	1.0
-:11820C>G	1.0
-:1197157T>G	1.0
-:1200418A>G	1.0
-:1215105_del	1.0
-:1215742G>A	1.0
-:1215743C>A	1.0
-:1224367T>C	1.0
-:1275957T>C	1.0
-:131174_ins_G	1.0
-:1313337_ins_G	1.0
-:1313338A>C	1.0
-:133839C>T	1.0
-:1351172A>G	1.0
-:1365837_ins_GG	1.0
-:1370852T>G	1.0
-:1374201A>G	1.0
-:139850T>A	1.0
-:1413130_del	1.0
-:1413148C>T	1.0
-:1452954A>G	1.0
-:1471659C>T	1.0
-:1526311G>T	1.0
-:1593331G>A	1.0
-:1613035T>C	1.0
-:1638235T>A	1.0
-:1638238A>T	1.0
-:1638364C>T	1.0
-:1644362C>T	1.0
-:1669158T>C	1.0
-:1695037G>A	1.0
-:1696672_del	1.0
-:1697896C>T	1.0
-:1701215C>T	1.0
-:1728603C>T	1.0
-:1728837A>G	1.0
-:1753483T>C	1.0
-:1753519_ins_C	1.0
-:1774659C>T	1.0
-:1836286G>C	1.0
-:1849C>A	1.0
-:1894300_ins_GTCTTGCCGC	1.0
-:1894422A>G	1.0
-:1902337A>C	1.0
-:1933988G>A	1.0
-:1977A>G	1.0
-:2010614G>A	1.0
-:2030355A>G	1.0
-:2049065T>C	1.0
-:2049097G>C	1.0
-:2062735T>C	1.0
-:2074754C>T	1.0
-:2108890A>C	1.0
-:2109523_ins_G	1.0
-:2123169T>G	1.0
-:2135870T>C	1.0
-:2137521_ins_CTCCGATCAC	1.0
-:2138436A>G	1.0
-:2138453C>T	1.0
-:2142266C>A	1.0
-:2173860A>C	1.0
-:2207591_ins_C	1.0
-:2223293T>C	1.0
-:2225365T>C	1.0
-:2228967A>G	1.0
-:2251999A>G	1.0
-:2260100C>T	1.0
-:2260525C>T	1.0
-:2265059T>G	1.0
-:2266487G>C	1.0
-:2266504_ins_A	1.0
-:2266508A>T	1.0
-:2266512_del	1.0
-:2266517T>C	1.0
-:2266550G>T	1.0
-:2266553C>G	1.0
-:2266583C>G	1.0
-:2266598G>C	1.0
-:2266604C>G	1.0
-:2266613_ins_C	1.0
-:2266624G>T	1.0
-:2268433C>A	1.0
-:2268627G>C	1.0
-:230576_ins_T	1.0
-:2344246G>C	1.0
-:2357269_2357271_del	1.0
-:2358029_ins_G	1.0
-:2368565_del	1.0
-:2401825T>C	1.0
-:2421816A>G	1.0
-:2421975_ins_GGAA	1.0
-:2424925A>G	1.0
-:2470591A>C	1.0
-:2510350C>G	1.0
-:2516567G>C	1.0
-:2523205_ins_CGC	1.0
-:2534563_2534564_del	1.0
-:2551576C>G	1.0
-:2551577T>C	1.0
-:25610G>C	1.0
-:2566766_ins_G	1.0
-:2566768A>C	1.0
-:2573756C>A	1.0
-:2619271T>C	1.0
-:2632341_ins_A	1.0
-:2634282T>G	1.0
-:2637162C>T	1.0
-:2637541C>T	1.0
-:2638997G>A	1.0
-:2692100C>T	1.0
-:26959C>G	1.0
-:2703902_ins_G	1.0
-:2713795C>T	1.0
-:2718852T>G	1.0
-:2740693T>C	1.0
-:2752698C>A	1.0
-:2794071G>A	1.0
-:2827984G>T	1.0
-:2828019T>C	1.0
-:2850631T>C	1.0
-:2878550G>A	1.0
-:2881598_del	1.0
-:2881974G>A	1.0
-:2927939T>C	1.0
-:293628_ins_C	1.0
-:2945004C>G	1.0
-:2945101A>G	1.0
-:295731T>C	1.0
-:2968452G>A	1.0
-:2969197A>G	1.0
-:2973736T>C	1.0
-:2980861A>G	1.0
-:2983873A>G	1.0
-:3037377T>C	1.0
-:3086788T>C	1.0
-:3110140G>T	1.0
-:3115384G>C	1.0
-:3135606A>G	1.0
-:3174693_del	1.0
-:3177452C>A	1.0
-:3190146_del	1.0
-:3215623_del	1.0
-:3232703G>A	1.0
-:3232759G>A	1.0
-:3302980T>C	1.0
-:3308606G>A	1.0
-:3310427T>C	1.0
-:3310626T>C	1.0
-:3336680_del	1.0
-:3336739_del	1.0
-:336323A>G	1.0
-:336325T>C	1.0
-:336326A>G	1.0
-:336327C>G	1.0
-:336332G>C	1.0
-:3363338A>G	1.0
-:336344A>G	1.0
-:336345T>C	1.0
-:336353C>T	1.0
-:336356_ins_CCTCCCC	1.0
-:336358_336360_del	1.0
-:336369C>T	1.0
-:336370A>G	1.0
-:336380A>T	1.0
-:336400C>G	1.0
-:336403C>G	1.0
-:336405A>G	1.0
-:336504G>T	1.0
-:336535T>G	1.0
-:336537T>G	1.0
-:336540G>T	1.0
-:336546T>G	1.0
-:336557_ins_T	1.0
-:3379432T>C	1.0
-:3379742T>C	1.0
-:3379751A>C	1.0
-:3379757A>C	1.0
-:3379763G>A	1.0
-:3379784C>A	1.0
-:3379788C>G	1.0
-:34044T>C	1.0
-:3415181_3415194_del	1.0
-:3447293T>G	1.0
-:3473996_ins_A	1.0
-:3482717A>G	1.0
-:3509626C>A	1.0
-:3542049G>A	1.0
-:3548984T>C	1.0
-:3550347C>T	1.0
-:3580637_del	1.0
-:3590686_ins_C	1.0
-:3597879T>C	1.0
-:3621423A>G	1.0
-:3711736_ins_CCAACCTCAACACCCCCTCAAGTGAAG	1.0
-:3743656G>A	1.0
-:3778396C>T	1.0
-:3798596A>G	1.0
-:3811672G>T	1.0
-:3811675A>G	1.0
-:3820407A>G	1.0
-:3820429G>A	1.0
-:3820486G>A	1.0
-:3820545A>G	1.0
-:3841652T>A	1.0
-:3841654T>G	1.0
-:3841662T>C	1.0
-:3841663C>T	1.0
-:3842088C>G	1.0
-:3842096T>C	1.0
-:3842113G>A	1.0
-:3842126G>A	1.0
-:3842147G>C	1.0
-:3842148C>G	1.0
-:3842161G>A	1.0
-:3842164G>C	1.0
-:3842173G>A	1.0
-:3842186T>A	1.0
-:3842204G>A	1.0
-:3842211T>C	1.0
-:3843749G>T	1.0
-:3843751G>T	1.0
-:3843752A>G	1.0
-:3843753G>A	1.0
-:3843760T>C	1.0
-:3846580T>A	1.0
-:3846582T>G	1.0
-:3846591C>T	1.0
-:3846605G>A	1.0
-:3846607A>C	1.0
-:3846622G>T	1.0
-:3846687A>G	1.0
-:3846704A>G	1.0
-:3846707A>C	1.0
-:3846716C>T	1.0
-:3846718_ins_ATGGCTAG	1.0
-:3846727C>T	1.0
-:3846728A>G	1.0
-:3846730_3846733_del	1.0
-:3846741G>T	1.0
-:3846743C>G	1.0
-:3846764C>G	1.0
-:3846773_ins_G	1.0
-:3846774T>G	1.0
-:3846777C>A	1.0
-:3846779T>G	1.0
-:3846791A>G	1.0
-:3846897T>G	1.0
-:3847010G>C	1.0
-:3847014C>G	1.0
-:3847022T>C	1.0
-:3847039G>A	1.0
-:3847052G>A	1.0
-:3847073G>C	1.0
-:3847074C>G	1.0
-:3847087G>A	1.0
-:3847090G>C	1.0
-:3847099G>A	1.0
-:3847112T>A	1.0
-:3847130G>A	1.0
-:3847137T>C	1.0
-:3847153A>C	1.0
-:3847154A>G	1.0
-:3862473_del	1.0
-:3874723_del	1.0
-:3892671A>G	1.0
-:3893480G>A	1.0
-:3895727C>A	1.0
-:39022A>G	1.0
-:39030C>T	1.0
-:3941834G>C	1.0
-:3941836C>A	1.0
-:3942481C>G	1.0
-:3942640T>C	1.0
-:3943019C>G	1.0
-:3943127_3943144_del	1.0
-:396199T>C	1.0
-:3970594C>G	1.0
-:3987371_del	1.0
-:4001622T>C	1.0
-:4053050A>G	1.0
-:4053161A>G	1.0
-:4056416C>A	1.0
-:4056693G>T	1.0
-:4059904A>G	1.0
-:4100975T>C	1.0
-:4120983A>G	1.0
-:4121112C>A	1.0
-:4124350_4124351_del	1.0
-:4169852G>T	1.0
-:4197138_ins_T	1.0
-:4198612_del	1.0
-:4214988G>A	1.0
-:4221071_del	1.0
-:4264381_ins_C	1.0
-:4319985G>C	1.0
-:4329782G>A	1.0
-:4338596_del	1.0
-:4338732G>A	1.0
-:4340028G>C	1.0
-:4359828G>A	1.0
-:4384007C>G	1.0
-:4393178A>G	1.0
-:4408923C>T	1.0
-:459399A>C	1.0
-:467497_ins_G	1.0
-:467508_ins_G	1.0
-:467516G>C	1.0
-:467526C>G	1.0
-:467546G>C	1.0
-:467557A>C	1.0
-:467564A>C	1.0
-:467585G>C	1.0
-:467590T>C	1.0
-:467621T>G	1.0
-:467638G>T	1.0
-:472711_ins_TTGTGGGCC	1.0
-:483935T>G	1.0
-:503354G>C	1.0
-:507029_del	1.0
-:542014C>G	1.0
-:561776C>T	1.0
-:561777C>T	1.0
-:565655A>G	1.0
-:580772T>A	1.0
-:580774_580797_del	1.0
-:610120T>G	1.0
-:611048T>G	1.0
-:63146G>T	1.0
-:640954A>G	1.0
-:655986T>G	1.0
-:659341T>C	1.0
-:663410A>C	1.0
-:663418A>C	1.0
-:663419G>A	1.0
-:663420C>A	1.0
-:663429T>G	1.0
-:688792_ins_G	1.0
-:696917G>T	1.0
-:699840A>C	1.0
-:712693A>G	1.0
-:71584_ins_CGAGCGCTGTTCTGGCGCTAATCTGACGCTAGAATAG	1.0
-:75233C>A	1.0
-:767414G>A	1.0
-:767670T>C	1.0
-:781395T>C	1.0
-:79480T>C	1.0
-:806172A>G	1.0
-:842030C>T	1.0
-:847995T>C	1.0
-:854253_del	1.0
-:874835_ins_CG	1.0
-:876141G>T	1.0
-:888647C>T	1.0
-:888993_889020_del	1.0
-:890375_ins_CCAACCTCAACACCCCCTCAAGTGAAG	1.0
-:921813C>G	1.0
-:934230C>G	1.0
-:934611G>T	1.0
-:96894C>T	1.0
-:986463G>C	1.0
-:996346G>A	1.0
Rv0003:Ile245Thr	1.0
Rv0006:Glu21Gln	1.0
Rv0006:Gly668Asp	1.0
Rv0006:Ser95Thr	1.0
Rv0008c:Ser145Pro	1.0
Rv0012:Cys233Arg	1.0
Rv0012:Gly258Val	1.0
Rv0013:Ile68Met	1.0
Rv0014c:Arg451Leu	1.0
Rv0015c:Gln369Arg	1.0
Rv0015c:Gln370Pro	1.0
Rv0020c:24699_24716_del	1.0
Rv0024:28367_del	1.0
Rv0032:Ala438Ala	1.0
Rv0032:Asp572His	1.0
Rv0034:Ala55Ala	1.0
Rv0035:Ser16Trp	1.0
Rv0035:Thr26Ser	1.0
Rv0036c:Arg224Arg	1.0
Rv0039c:Cys24Phe	1.0
Rv0039c:Thr42Met	1.0
Rv0040c:Pro133Pro	1.0
Rv0041:Arg403Gly	1.0
Rv0041:Arg921Arg	1.0
Rv0044c:Arg175Arg	1.0
Rv0045c:49691_49692_del	1.0
Rv0045c:Val194Ile	1.0
Rv0046c:Arg190Gly	1.0
Rv0048c:Val250Ala	1.0
Rv0050:Ala244Ala	1.0
Rv0058:Arg552Gly	1.0
Rv0061c:Trp67_	1.0
Rv0063:68337_ins_C	1.0
Rv0064:Arg906Pro	1.0
Rv0064:Asn733Asp	1.0
Rv0064:Gly457Asp	1.0
Rv0064:Val550Phe	1.0
Rv0068:Val214Leu	1.0
Rv0078A:Glu112Lys	1.0
Rv0083:Thr600Thr	1.0
Rv0086:Gly146Gly	1.0
Rv0088:Arg142Arg	1.0
Rv0090:99163_99171_del	1.0
Rv0092:Gly319Gly	1.0
Rv0094c:103744_103749_del	1.0
Rv0094c:103752_ins_AGCAGCTTC	1.0
Rv0094c:Asn276Lys	1.0
Rv0094c:Glu256Asp	1.0
Rv0094c:Gly262Asp	1.0
Rv0094c:His275Arg	1.0
Rv0094c:Leu257Leu	1.0
Rv0094c:Pro303His	1.0
Rv0095c:Asp57Glu	1.0
Rv0095c:Gly26Val	1.0
Rv0096:Val138Ala	1.0
Rv0101:Val2000Val	1.0
Rv0103c:Leu22Ser	1.0
Rv0104:Gln380_	1.0
Rv0104:Tyr402His	1.0
Rv0107c:125830_ins_A	1.0
Rv0111:Pro460Pro	1.0
Rv0115:Gly262Val	1.0
Rv0117:Asp142Asn	1.0
Rv0118c:Ser224Gly	1.0
Rv0120c:Ala512Ala	1.0
Rv0120c:Asn562Ser	1.0
Rv0120c:Asp170Glu	1.0
Rv0125:Gly217Gly	1.0
Rv0127:Ser18Pro	1.0
Rv0134:162152_del	1.0
Rv0136:Pro114Leu	1.0
Rv0136:Pro114Ser	1.0
Rv0136:Ser34Ser	1.0
Rv0139:Ile247Val	1.0
Rv0151c:Leu485Leu	1.0
Rv0154c:Ile125Ile	1.0
Rv0154c:Pro36Pro	1.0
Rv0159c:Thr14Ala	1.0
Rv0161:Ser70Ser	1.0
Rv0165c:194305_ins_GG	1.0
Rv0165c:Leu45Leu	1.0
Rv0166:Asn550Asn	1.0
Rv0166:Val230Val	1.0
Rv0169:Ser313Ala	1.0
Rv0172:Ile188Thr	1.0
Rv0173:Val10Val	1.0
Rv0174:Gly418Gly	1.0
Rv0174:Leu370Pro	1.0
Rv0174:Pro417Pro	1.0
Rv0177:Arg58Arg	1.0
Rv0182c:Asp332Tyr	1.0
Rv0182c:Gly287Asp	1.0
Rv0185:Ala88Val	1.0
Rv0186:Asn311Asn	1.0
Rv0191:Ala213Thr	1.0
Rv0192:Ser127Pro	1.0
Rv0193c:Lys417Glu	1.0
Rv0194:Met74Thr	1.0
Rv0194:Pro1098Leu	1.0
Rv0195:Ala72Ala	1.0
Rv0197:234496_ins_GT	1.0
Rv0197:Tyr749_	1.0
Rv0209:Val162Ala	1.0
Rv0210:Ala486Thr	1.0
Rv0218:Cys316Arg	1.0
Rv0219:Ala5Ala	1.0
Rv0221:Met21Ile	1.0
Rv0222:Val16Val	1.0
Rv0223c:Ala5Gly	1.0
Rv0226c:Pro379Ala	1.0
Rv0232:Arg41Arg	1.0
Rv0233:His33Asp	1.0
Rv0236c:Ala1081Val	1.0
Rv0236c:Pro360Pro	1.0
Rv0236c:Ser1080Gly	1.0
Rv0236c:Thr1320Thr	1.0
Rv0236c:Val327Val	1.0
Rv0237:Leu359Leu	1.0
Rv0245:Ser103Phe	1.0
Rv0252:Lys686Lys	1.0
Rv0252:Val775Leu	1.0
Rv0259c:Ala182Val	1.0
Rv0260c:Thr257Thr	1.0
Rv0260c:Val349Val	1.0
Rv0270:Gly379Gly	1.0
Rv0270:Val313Val	1.0
Rv0272c:328590_del	1.0
Rv0278c:Ala57Ala	1.0
Rv0278c:Ala79Ala	1.0
Rv0278c:Ala842Gly	1.0
Rv0278c:Ala86Ala	1.0
Rv0278c:Arg807Gly	1.0
Rv0278c:Ile102Ile	1.0
Rv0278c:Leu114Leu	1.0
Rv0278c:Ser66Ser	1.0
Rv0278c:Ser841Tyr	1.0
Rv0278c:Tyr87Tyr	1.0
Rv0278c:Val77Ala	1.0
Rv0278c:Val77Met	1.0
Rv0279c:336562_ins_TGG	1.0
Rv0279c:Ala38Ala	1.0
Rv0279c:Ala57Ala	1.0
Rv0279c:Ala821Ala	1.0
Rv0279c:Ala88Ala	1.0
Rv0279c:Gly782Gly	1.0
Rv0279c:Ile828Leu	1.0
Rv0279c:Ile828Met	1.0
Rv0279c:Pro819Pro	1.0
Rv0279c:Ser66Ser	1.0
Rv0279c:Thr37Thr	1.0
Rv0279c:Thr818Thr	1.0
Rv0279c:Val77Ala	1.0
Rv0279c:Val77Met	1.0
Rv0279c:_838_	1.0
Rv0280:Glu257Lys	1.0
Rv0280:Ser337Pro	1.0
Rv0282:Glu6Ala	1.0
Rv0284:Pro214Arg	1.0
Rv0290:Ala95Thr	1.0
Rv0290:Ser76Asn	1.0
Rv0292:Asn217Asp	1.0
Rv0298:Arg71Arg	1.0
Rv0302:His84Asp	1.0
Rv0304c:368088_368102_del	1.0
Rv0305c:373283_del	1.0
Rv0305c:Arg453Arg	1.0
Rv0305c:Gly933Gly	1.0
Rv0307c:Ala94Ala	1.0
Rv0307c:Leu14Leu	1.0
Rv0311:Glu119Asp	1.0
Rv0315:Lys260Thr	1.0
Rv0315:Pro39Ser	1.0
Rv0318c:Gly223Ala	1.0
Rv0323c:Ser142Gly	1.0
Rv0324:Thr168Ala	1.0
Rv0325:_75Gln	1.0
Rv0336:Tyr376Cys	1.0
Rv0338c:Ala621Val	1.0
Rv0338c:Arg506Gly	1.0
Rv0339c:Ala428Thr	1.0
Rv0344c:Glu152Glu	1.0
Rv0350:Ala58Ala	1.0
Rv0354c:424320_ins_C	1.0
Rv0355c:427311_427325_del	1.0
Rv0355c:Ala1994Ala	1.0
Rv0355c:Gly715Asp	1.0
Rv0355c:Pro3233Pro	1.0
Rv0363c:Glu159Glu	1.0
Rv0368c:Arg249His	1.0
Rv0376c:Pro26Pro	1.0
Rv0376c:Thr14Pro	1.0
Rv0380c:Met76Val	1.0
Rv0381c:Thr124Thr	1.0
Rv0384c:Lys530Lys	1.0
Rv0386:Phe630Phe	1.0
Rv0395:Val80Ala	1.0
Rv0398c:Glu29Asp	1.0
Rv0404:Arg10Leu	1.0
Rv0404:Pro207Leu	1.0
Rv0405:485811_del	1.0
Rv0406c:Thr257Thr	1.0
Rv0407:Phe320Phe	1.0
Rv0408:Gly122Ala	1.0
Rv0411c:Asp270Asp	1.0
Rv0412c:Ala363Ala	1.0
Rv0412c:Asp355Tyr	1.0
Rv0417:Ser75Cys	1.0
Rv0419:Ala297Thr	1.0
Rv0425c:Met689Val	1.0
Rv0428c:Asp149Gly	1.0
Rv0430:Arg85Arg	1.0
Rv0436c:Gly167Val	1.0
Rv0444c:Glu81Asp	1.0
Rv0450c:Leu97Leu	1.0
Rv0452:His125Asp	1.0
Rv0456c:Thr149Thr	1.0
Rv0457c:Arg82Pro	1.0
Rv0459:Arg110Arg	1.0
Rv0465c:Arg314Gln	1.0
Rv0465c:Cys106Arg	1.0
Rv0469:Glu243Ala	1.0
Rv0483:Asp294Asp	1.0
Rv0484c:Gly180Gly	1.0
Rv0486:Ala187Val	1.0
Rv0492c:Ser70Ala	1.0
Rv0493c:Ser174Gly	1.0
Rv0500:Ala118Ala	1.0
Rv0507:Ala206Ala	1.0
Rv0507:Arg426His	1.0
Rv0507:Arg890Arg	1.0
Rv0512:Arg183Arg	1.0
Rv0515:Tyr376Cys	1.0
Rv0529:Ile245Met	1.0
Rv0530:Pro231Leu	1.0
Rv0536:Val80Ile	1.0
Rv0537c:Thr290Ala	1.0
Rv0538:Arg228Pro	1.0
Rv0545c:Pro49Ser	1.0
Rv0556:Leu15Arg	1.0
Rv0557:Gly107Gly	1.0
Rv0565c:Arg110His	1.0
Rv0565c:Val130Val	1.0
Rv0570:Ala539Ala	1.0
Rv0572c:Phe31Leu	1.0
Rv0573c:Pro379Leu	1.0
Rv0575c:Asp238Val	1.0
Rv0575c:Gln116Gln	1.0
Rv0576:Arg233His	1.0
Rv0578c:Gly1142Gly	1.0
Rv0578c:His893His	1.0
Rv0585c:Ala148Ala	1.0
Rv0587:Ala111Ala	1.0
Rv0587:Leu160Leu	1.0
Rv0588:Ala113Thr	1.0
Rv0589:Phe51Ser	1.0
Rv0591:Ala464Ala	1.0
Rv0591:Leu469Leu	1.0
Rv0594:Asn432Ser	1.0
Rv0601c:Gly9Gly	1.0
Rv0613c:Thr728Ala	1.0
Rv0620:Cys199Arg	1.0
Rv0629c:Glu120Asp	1.0
Rv0631c:Phe1039Phe	1.0
Rv0644c:Glu213Asp	1.0
Rv0658c:Leu75Pro	1.0
Rv0663:Arg335Ser	1.0
Rv0663:Asp349Gly	1.0
Rv0667:Ala1075Ala	1.0
Rv0667:Ser450Leu	1.0
Rv0668:Glu1092Asp	1.0
Rv0673:Phe125Leu	1.0
Rv0676c:Asp767Asn	1.0
Rv0676c:Ile948Val	1.0
Rv0676c:Thr794Ile	1.0
Rv0679c:Asn142Lys	1.0
Rv0682:Lys43Arg	1.0
Rv0691c:Ala140Thr	1.0
Rv0697:Ala475Pro	1.0
Rv0697:Leu268Leu	1.0
Rv0699:Asp13Gly	1.0
Rv0715:His4His	1.0
Rv0727c:Ala6Asp	1.0
Rv0728c:Arg242His	1.0
Rv0745:Thr153Met	1.0
Rv0747:Asp277Asn	1.0
Rv0747:Gly273Gly	1.0
Rv0747:Lys295Arg	1.0
Rv0747:Phe281Leu	1.0
Rv0747:Phe282Ser	1.0
Rv0747:Ser300Gly	1.0
Rv0747:Ser782Gly	1.0
Rv0747:Ser782Thr	1.0
Rv0749A:Thr37Thr	1.0
Rv0752c:Val169Ala	1.0
Rv0758:Pro172Leu	1.0
Rv0764c:Ala114Ala	1.0
Rv0768:Leu102Arg	1.0
Rv0773c:Arg447Cys	1.0
Rv0785:Cys408Phe	1.0
Rv0787:Tyr267His	1.0
Rv0797:Leu208Leu	1.0
Rv0797:Trp54_	1.0
Rv0799c:Pro334Pro	1.0
Rv0799c:Val286Val	1.0
Rv0800:Leu139Arg	1.0
Rv0806c:Val370Val	1.0
Rv0808:Ala480Ala	1.0
Rv0808:Arg476Leu	1.0
Rv0809:Gly63Gly	1.0
Rv0812:Ile145Met	1.0
Rv0814c:Thr100Ala	1.0
Rv0815c:Leu51Leu	1.0
Rv0823c:916686_916688_del	1.0
Rv0823c:Ala319Ala	1.0
Rv0825c:Phe68Cys	1.0
Rv0835:Tyr57Tyr	1.0
Rv0836c:_218Trp	1.0
Rv0844c:Gly169Arg	1.0
Rv0845:Ala219Glu	1.0
Rv0845:Ile178Ser	1.0
Rv0848:Gly93Ser	1.0
Rv0853c:Ala528Ala	1.0
Rv0855:Ala24Val	1.0
Rv0858c:Ala151Ala	1.0
Rv0858c:Ala274Thr	1.0
Rv0859:Ser150Gly	1.0
Rv0860:Asp275Asp	1.0
Rv0862c:Leu749Ser	1.0
Rv0872c:968426_ins_GCCGGGTTG	1.0
Rv0874c:Gly243Ser	1.0
Rv0878c:Gln436Pro	1.0
Rv0881:Gly115Arg	1.0
Rv0888:987585_ins_G	1.0
Rv0890c:Glu234Gly	1.0
Rv0890c:Pro866Ala	1.0
Rv0891c:Val37Gly	1.0
Rv0893c:Lys31Glu	1.0
Rv0907:1010204_ins_G	1.0
Rv0907:Tyr459Ser	1.0
Rv0915c:Ser130Arg	1.0
Rv0918:Ser46Gly	1.0
Rv0919:Phe141Phe	1.0
Rv0922:Gly178Asp	1.0
Rv0927c:1034209_1034211_del	1.0
Rv0930:Arg305_	1.0
Rv0930:Met5Thr	1.0
Rv0932c:Pro266Pro	1.0
Rv0938:Cys344Arg	1.0
Rv0945:Arg180Gly	1.0
Rv0955:Ala282Ser	1.0
Rv0956:His197His	1.0
Rv0957:Pro76Pro	1.0
Rv0958:Ser274Pro	1.0
Rv0959:Asn238Asp	1.0
Rv0962c:Pro186Leu	1.0
Rv0964c:Pro124Thr	1.0
Rv0965c:Ala106Ala	1.0
Rv0966c:Gly70Gly	1.0
Rv0966c:Val175Ala	1.0
Rv0969:Asp484Asn	1.0
Rv0969:Thr395Thr	1.0
Rv0970:Val210Val	1.0
Rv0974c:Asn51Lys	1.0
Rv0978c:Gln43His	1.0
Rv0978c:Gln73Glu	1.0
Rv0978c:Gly83Ser	1.0
Rv0978c:Tyr71Tyr	1.0
Rv0978c:Val317Val	1.0
Rv0980c:Ala18Ala	1.0
Rv0980c:Ala270Thr	1.0
Rv0980c:Glu73Gln	1.0
Rv0980c:Gly258Gly	1.0
Rv0980c:Ser83Gly	1.0
Rv0980c:Tyr71Tyr	1.0
Rv0981:Asp207Asp	1.0
Rv0981:Ser133Ser	1.0
Rv0982:Leu339His	1.0
Rv0983:Leu390Pro	1.0
Rv0986:Gly222Gly	1.0
Rv0986:Val105Val	1.0
Rv0987:Ala35Ala	1.0
Rv0987:Ala372Val	1.0
Rv0987:Phe717Val	1.0
Rv0988:Leu191Pro	1.0
Rv0988:Leu191Val	1.0
Rv0989c:Ile321Val	1.0
Rv0990c:Ser54Ala	1.0
Rv0993:Gln235Arg	1.0
Rv0995:Gly23Ser	1.0
Rv1007c:Arg39Gly	1.0
Rv1008:Asn135Asn	1.0
Rv1008:Thr187Asn	1.0
Rv1023:Ala391Ala	1.0
Rv1023:Arg8Gly	1.0
Rv1023:Lys429Gln	1.0
Rv1027c:Gly60Ser	1.0
Rv1028c:Arg128Leu	1.0
Rv1028c:Glu712Glu	1.0
Rv1028c:Pro368Ser	1.0
Rv1028c:Ser211Ser	1.0
Rv1029:Ile230Ile	1.0
Rv1037c:Gln20Leu	1.0
Rv1037c:His13His	1.0
Rv1037c:Ser23Leu	1.0
Rv1040c:Gly81Gly	1.0
Rv1042c:Gly129Glu	1.0
Rv1045:1168010_del	1.0
Rv1048c:Glu23Asp	1.0
Rv1050:Ala290Ala	1.0
Rv1056:Thr163Thr	1.0
Rv1067c:Gly273Gly	1.0
Rv1067c:Leu111Trp	1.0
Rv1068c:Tyr136Tyr	1.0
Rv1076:Gln272Pro	1.0
Rv1084:Leu182Leu	1.0
Rv1086:Ser259Arg	1.0
Rv1091:Gly810Ser	1.0
Rv1093:Val36Ala	1.0
Rv1099c:Thr285Thr	1.0
Rv1102c:Thr65Ile	1.0
Rv1125:Ala299Ala	1.0
Rv1125:Pro285Pro	1.0
Rv1125:Ser101Gly	1.0
Rv1127c:Ala355Ala	1.0
Rv1127c:Gly69Glu	1.0
Rv1128c:1252054_del	1.0
Rv1128c:Glu270Gly	1.0
Rv1130:Asp3Gly	1.0
Rv1132:Leu43Pro	1.0
Rv1138a:Gly13Cys	1.0
Rv1145:1273250_ins_A	1.0
Rv1148c:Ala387Ala	1.0
Rv1149:Gly129Glu	1.0
Rv1154c:Thr123Ala	1.0
Rv1155:Ser115Pro	1.0
Rv1159:Thr4Pro	1.0
Rv1160:Gly58Arg	1.0
Rv1161:Gly457Gly	1.0
Rv1162:Pro346Pro	1.0
Rv1163:Pro179Arg	1.0
Rv1166:Glu228Ala	1.0
Rv1168c:Pro167Leu	1.0
Rv1175c:Ala656Ala	1.0
Rv1175c:Cys210Ser	1.0
Rv1180:_489Tyr	1.0
Rv1181:Ala217Ala	1.0
Rv1181:Leu808Leu	1.0
Rv1183:Thr408Ala	1.0
Rv1186c:Asp24Asp	1.0
Rv1186c:Asp472Asp	1.0
Rv1186c:Pro207Ala	1.0
Rv1190:Gly230Gly	1.0
Rv1193:Pro124Leu	1.0
Rv1196:Arg287Gln	1.0
Rv1199c:Thr9Ala	1.0
Rv1199c:Val170Val	1.0
Rv1206:Glu134Asp	1.0
Rv1214c:Ala106Ala	1.0
Rv1217c:Ala173Thr	1.0
Rv1217c:Ala531Ala	1.0
Rv1217c:Ser204Ser	1.0
Rv1218c:Gln243Arg	1.0
Rv1221:Leu98Leu	1.0
Rv1224:Trp8Gly	1.0
Rv1225c:1368322_ins_G	1.0
Rv1230c:Ser45Gly	1.0
Rv1232c:Ala375Ala	1.0
Rv1232c:Cys149Gly	1.0
Rv1239c:Lys139Glu	1.0
Rv1248c:Val764Met	1.0
Rv1249c:Leu119Leu	1.0
Rv1251c:Thr773Thr	1.0
Rv1258c:1406760_ins_G	1.0
Rv1263:Val260Val	1.0
Rv1266c:Arg607Gln	1.0
Rv1267c:Cys372Cys	1.0
Rv1267c:Cys372Gly	1.0
Rv1267c:Phe376Leu	1.0
Rv1269c:1418863_ins_GGGAGCCA	1.0
Rv1270c:Ala31Thr	1.0
Rv1279:Glu346_	1.0
Rv1286:Pro521Pro	1.0
Rv1291c:Ala18Ala	1.0
Rv1292:Ala119Thr	1.0
Rv1300:Arg194Cys	1.0
Rv1313c:Gly349Gly	1.0
Rv1313c:Leu338Leu	1.0
Rv1313c:Leu433Arg	1.0
Rv1316c:Gly12Gly	1.0
Rv1317c:Ile12Val	1.0
Rv1318c:Ala194Ala	1.0
Rv1318c:Ala202Ala	1.0
Rv1318c:Ala213Ala	1.0
Rv1318c:Arg210Arg	1.0
Rv1318c:Arg210Gly	1.0
Rv1318c:Leu195Leu	1.0
Rv1318c:Leu212Phe	1.0
Rv1318c:Leu217Leu	1.0
Rv1318c:Leu217Met	1.0
Rv1318c:Phe198Leu	1.0
Rv1318c:Phe198Val	1.0
Rv1318c:Pro207Leu	1.0
Rv1318c:Pro207Pro	1.0
Rv1318c:Pro209Pro	1.0
Rv1318c:Pro214Leu	1.0
Rv1319c:1481032_del	1.0
Rv1319c:Glu510Glu	1.0
Rv1319c:Glu518Glu	1.0
Rv1319c:Thr519Thr	1.0
Rv1320c:Thr531Ala	1.0
Rv1321:Ser144Arg	1.0
Rv1325c:Gly583Ala	1.0
Rv1326c:Ser470Pro	1.0
Rv1329c:Thr80Lys	1.0
Rv1330c:Gly429Ala	1.0
Rv1333:Val34Val	1.0
Rv1355c:Arg72Arg	1.0
Rv1358:1529134_1529136_del	1.0
Rv1358:Arg70Arg	1.0
Rv1361c:Thr131Thr	1.0
Rv1361c:Tyr17Tyr	1.0
Rv1364c:Ala465Glu	1.0
Rv1367c:His98His	1.0
Rv1367c:Ile169Val	1.0
Rv1368:Ala260Val	1.0
Rv1371:Arg299Arg	1.0
Rv1373:Pro231Leu	1.0
Rv1374c:Thr136Ala	1.0
Rv1378c:Arg37Trp	1.0
Rv1383:Ser273Pro	1.0
Rv1387:Glu57Asp	1.0
Rv1388:Val8Val	1.0
Rv1392:Glu234Lys	1.0
Rv1394c:Arg135Leu	1.0
Rv1396c:Arg66Ser	1.0
Rv1396c:Asp121His	1.0
Rv1396c:Gly117Gly	1.0
Rv1396c:Gly125Gly	1.0
Rv1396c:His118Asp	1.0
Rv1396c:Leu111Val	1.0
Rv1396c:Pro114Gln	1.0
Rv1396c:Pro114Thr	1.0
Rv1396c:Pro124Pro	1.0
Rv1400c:Phe90Leu	1.0
Rv1400c:Thr106Pro	1.0
Rv1401:Pro104Pro	1.0
Rv1412:Ala111Ala	1.0
Rv1420:Val289Ile	1.0
Rv1420:Val434Ala	1.0
Rv1430:Ala96Ala	1.0
Rv1431:Asn65Thr	1.0
Rv1431:Pro586Pro	1.0
Rv1435c:1612624_ins_ATCGGTACCGGTGCGCCAGGG	1.0
Rv1438:Ser166Ser	1.0
Rv1439c:Leu29Ile	1.0
Rv1441c:Asp236Gly	1.0
Rv1442:Leu131Val	1.0
Rv1446c:1625332_ins_GGT	1.0
Rv1446c:Arg192Pro	1.0
Rv1447c:Glu103Gly	1.0
Rv1448c:Thr244Ala	1.0
Rv1449c:Tyr18Asp	1.0
Rv1452c:1636172_ins_CCG	1.0
Rv1452c:Ala438Thr	1.0
Rv1452c:Gly468Gly	1.0
Rv1453:Pro405Gln	1.0
Rv1458c:Thr133Ala	1.0
Rv1459c:Lys113Glu	1.0
Rv1461:Val150Ile	1.0
Rv1462:Asn183Asp	1.0
Rv1463:Glu198Gly	1.0
Rv1467c:Lys258Thr	1.0
Rv1468c:1655830_del	1.0
Rv1486c:Lys198Asn	1.0
Rv1489:Lys52Thr	1.0
Rv1497:Met42Val	1.0
Rv1497:Phe120Phe	1.0
Rv1498c:Arg191His	1.0
Rv1501:Ile84Ile	1.0
Rv1502:Tyr213Cys	1.0
Rv1505c:Ala51Thr	1.0
Rv1508c:Gly328Gly	1.0
Rv1508c:Pro16Ser	1.0
Rv1514c:Ser159Ser	1.0
Rv1515c:Gly281Val	1.0
Rv1517:Leu188Phe	1.0
Rv1520:Arg215Cys	1.0
Rv1521:Val297Val	1.0
Rv1522c:Ser381Pro	1.0
Rv1527c:Leu2061Arg	1.0
Rv1527c:Val2070Val	1.0
Rv1532c:Ala76Pro	1.0
Rv1532c:Gln139Gln	1.0
Rv1536:Ile1014Thr	1.0
Rv1538c:Gly281Ser	1.0
Rv1548c:Asp258Gly	1.0
Rv1551:1756359_del	1.0
Rv1552:Ser524Ser	1.0
Rv1554:Met40Val	1.0
Rv1570:Met191Thr	1.0
Rv1587c:Glu178Asp	1.0
Rv1587c:Gly184Asp	1.0
Rv1587c:Leu179Leu	1.0
Rv1588c:Ala56Thr	1.0
Rv1588c:Ala63Thr	1.0
Rv1588c:Arg91Arg	1.0
Rv1588c:Arg91Leu	1.0
Rv1588c:Asp14Asp	1.0
Rv1588c:Gly107Gly	1.0
Rv1588c:Gly54Gly	1.0
Rv1588c:Leu61Leu	1.0
Rv1588c:Phe13Phe	1.0
Rv1588c:Val131Ile	1.0
Rv1588c:Val53Val	1.0
Rv1592c:Glu321Glu	1.0
Rv1592c:Ile322Val	1.0
Rv1597:Gly21Asp	1.0
Rv1602:Ser201Asn	1.0
Rv1604:Pro124Gln	1.0
Rv1612:Gly83Gly	1.0
Rv1618:His121Leu	1.0
Rv1629:Arg188Gly	1.0
Rv1629:Pro208Pro	1.0
Rv1629:Thr186Pro	1.0
Rv1630:Arg212Arg	1.0
Rv1634:Gly198Arg	1.0
Rv1639c:Met27Thr	1.0
Rv1639c:Thr180Thr	1.0
Rv1640c:Arg809Arg	1.0
Rv1640c:Ile701Thr	1.0
Rv1640c:Pro995Pro	1.0
Rv1644:Leu232Pro	1.0
Rv1647:Ala2Pro	1.0
Rv1649:Ala276Asp	1.0
Rv1661:Glu814Ala	1.0
Rv1662:Ala1357Thr	1.0
Rv1662:Leu1228Val	1.0
Rv1662:Phe868Val	1.0
Rv1663:Thr183Thr	1.0
Rv1664:Ala116Ala	1.0
Rv1665:His264His	1.0
Rv1672c:Leu200Leu	1.0
Rv1676:Ser149Ser	1.0
Rv1681:Thr277Ala	1.0
Rv1682:Ala298Ala	1.0
Rv1691:Leu63Leu	1.0
Rv1694:Leu11Leu	1.0
Rv1699:Pro60Pro	1.0
Rv1704c:Arg93Leu	1.0
Rv1705c:Leu313Val	1.0
Rv1716:Ser178Gly	1.0
Rv1716:Val276Ala	1.0
Rv1724c:Lys95Lys	1.0
Rv1730c:1955761_1955763_del	1.0
Rv1730c:1955914_1955932_del	1.0
Rv1730c:Asp435Glu	1.0
Rv1730c:Gly354Asp	1.0
Rv1730c:Thr438Lys	1.0
Rv1733c:Gln68His	1.0
Rv1735c:Ala18Ala	1.0
Rv1739c:Ala204Ala	1.0
Rv1739c:Arg134Leu	1.0
Rv1739c:Gly32Val	1.0
Rv1745c:Arg89Arg	1.0
Rv1751:Pro344Pro	1.0
Rv1753c:Asn488Thr	1.0
Rv1753c:Asn514Thr	1.0
Rv1753c:Asn540Thr	1.0
Rv1753c:Asn566Thr	1.0
Rv1753c:Leu513Leu	1.0
Rv1753c:Leu539Leu	1.0
Rv1753c:Leu565Leu	1.0
Rv1753c:Leu866Leu	1.0
Rv1753c:Pro495Pro	1.0
Rv1767:Ala54Val	1.0
Rv1769:Asp401Ala	1.0
Rv1769:Phe160Phe	1.0
Rv1775:2009291_del	1.0
Rv1775:Ser226Cys	1.0
Rv1783:Ser1204Ser	1.0
Rv1785c:Gly334Ala	1.0
Rv1793:Glu52Gly	1.0
Rv1802:Leu358Arg	1.0
Rv1803c:Ile511Ile	1.0
Rv1806:Ala52Val	1.0
Rv1808:Gly301Ala	1.0
Rv1809:Ala155Ala	1.0
Rv1809:Val252Leu	1.0
Rv1812c:Leu30Pro	1.0
Rv1815:Ile83Phe	1.0
Rv1821:Val410Met	1.0
Rv1823:Gln24Lys	1.0
Rv1826:Thr121Lys	1.0
Rv1832:Gly790Gly	1.0
Rv1835c:Cys179Arg	1.0
Rv1837c:Gly104Ser	1.0
Rv1844c:2094912_2094917_del	1.0
Rv1845c:Ala151Ala	1.0
Rv1846c:Thr138Thr	1.0
Rv1847:Arg132Trp	1.0
Rv1859:Arg231Cys	1.0
Rv1860:Phe136Leu	1.0
Rv1865c:Ala45Ala	1.0
Rv1867:Gly380Gly	1.0
Rv1872c:Gly59Ala	1.0
Rv1872c:Val253Met	1.0
Rv1878:Leu283Leu	1.0
Rv1883c:2133468_ins_TCGCATGCCGTCACC	1.0
Rv1886c:Pro238Pro	1.0
Rv1895:Val270Leu	1.0
Rv1900c:Ile204Met	1.0
Rv1902c:Phe171Phe	1.0
Rv1904:Leu90Trp	1.0
Rv1907c:2153726_2153739_del	1.0
Rv1908c:Arg463Leu	1.0
Rv1908c:Ser315Thr	1.0
Rv1912c:Asp328Gly	1.0
Rv1915:2161343_ins_T	1.0
Rv1915:Gly179Asp	1.0
Rv1917c:Ala1273Ala	1.0
Rv1917c:Ala1273Gly	1.0
Rv1917c:Ala603Ala	1.0
Rv1917c:Asn1290Asp	1.0
Rv1917c:Asn1313Asp	1.0
Rv1917c:Gly1272Gly	1.0
Rv1917c:Ile1268Val	1.0
Rv1917c:Leu1270Leu	1.0
Rv1917c:Pro1174Pro	1.0
Rv1917c:Pro1299Ala	1.0
Rv1917c:Pro1299Pro	1.0
Rv1917c:Pro458Pro	1.0
Rv1917c:Ser1298Asn	1.0
Rv1917c:Ser676Ala	1.0
Rv1917c:Thr1297Thr	1.0
Rv1917c:Val1300Val	1.0
Rv1918c:Leu896Ser	1.0
Rv1920:Glu253Ala	1.0
Rv1925:Arg94Cys	1.0
Rv1927:Glu51Asp	1.0
Rv1934c:Ile172Thr	1.0
Rv1936:Gln68His	1.0
Rv1938:Gly158Trp	1.0
Rv1945:Val243Leu	1.0
Rv1946c:Ser14Cys	1.0
Rv1948c:Gly5Arg	1.0
Rv1948c:Pro93Pro	1.0
Rv1956:His121His	1.0
Rv1966:Ala47Thr	1.0
Rv1968:Lys67Lys	1.0
Rv1971:2215320_2215324_del	1.0
Rv1971:Ala396Glu	1.0
Rv1972:His124Gln	1.0
Rv1977:Ser253Ser	1.0
Rv1978:Ser226Thr	1.0
Rv1985c:Pro34Pro	1.0
Rv1986:Cys12Tyr	1.0
Rv1992c:Phe740Phe	1.0
Rv1997:2241032_del	1.0
Rv1999c:Leu240Met	1.0
Rv2000:Pro219Gln	1.0
Rv2002:Ile6Ile	1.0
Rv2005c:Ser93Ser	1.0
Rv2017:Ala262Glu	1.0
Rv2021c:Ala32Ala	1.0
Rv2024c:Asp154Gly	1.0
Rv2024c:Ser232Ser	1.0
Rv2024c:Trp47Arg	1.0
Rv2027c:2273734_del	1.0
Rv2037c:Ala177Ala	1.0
Rv2037c:Cys312Tyr	1.0
Rv2039c:Val131Phe	1.0
Rv2041c:Asp242Asp	1.0
Rv2042c:Ala199Ala	1.0
Rv2043c:Val125Gly	1.0
Rv2047c:Thr174Ala	1.0
Rv2048c:Ala2250Ala	1.0
Rv2048c:Ala2931Ala	1.0
Rv2048c:Arg1652Cys	1.0
Rv2048c:Asp2144Asp	1.0
Rv2048c:Gly1572Gly	1.0
Rv2048c:Gly3602Gly	1.0
Rv2048c:His2147Gln	1.0
Rv2048c:Pro2145Pro	1.0
Rv2048c:Pro3649Ala	1.0
Rv2048c:Ser917Pro	1.0
Rv2048c:Val3768Leu	1.0
Rv2052c:Pro473Pro	1.0
Rv2057c:Arg46Leu	1.0
Rv2059:His71Gln	1.0
Rv2059:Thr317Lys	1.0
Rv2062c:Arg145His	1.0
Rv2062c:Glu677Lys	1.0
Rv2063A:Asn105Asp	1.0
Rv2064:Asp175Asp	1.0
Rv2071c:Ile145Met	1.0
Rv2072c:Leu205Pro	1.0
Rv2075c:Gly420Gly	1.0
Rv2075c:Pro364Gln	1.0
Rv2077c:Ala96Ala	1.0
Rv2078:Glu6Gly	1.0
Rv2079:Gln609_	1.0
Rv2079:Tyr47Cys	1.0
Rv2082:Arg34Arg	1.0
Rv2082:Lys35Glu	1.0
Rv2082:Pro376Leu	1.0
Rv2082:Pro638Arg	1.0
Rv2082:Thr183Ala	1.0
Rv2083:Leu256Val	1.0
Rv2084:2342649_ins_GGCGTACACAC	1.0
Rv2088:Leu209Leu	1.0
Rv2088:Leu30Arg	1.0
Rv2089c:Pro336Leu	1.0
Rv2090:Phe358Leu	1.0
Rv2096c:Ser174Pro	1.0
Rv2101:Pro601Gln	1.0
Rv2101:Val455Val	1.0
Rv2103c:Thr16Ala	1.0
Rv2109c:Arg135Pro	1.0
Rv2109c:Arg182Gly	1.0
Rv2112c:Pro7Arg	1.0
Rv2123:2381573_del	1.0
Rv2125:Gly33Ser	1.0
Rv2127:Gly9Asp	1.0
Rv2139:Gly339Ser	1.0
Rv2148c:2406843_del	1.0
Rv2152c:Phe209Phe	1.0
Rv2153c:Val36Leu	1.0
Rv2155c:Arg247Gly	1.0
Rv2163c:Arg539Arg	1.0
Rv2177c:Arg143Arg	1.0
Rv2178c:Asp265Glu	1.0
Rv2180c:Trp249_	1.0
Rv2187:Thr100Ile	1.0
Rv2189c:Ala107Ala	1.0
Rv2198c:Ala59Ala	1.0
Rv2208:Leu40Leu	1.0
Rv2221c:Arg253Arg	1.0
Rv2226:Asp299Asn	1.0
Rv2231c:Ala205Ala	1.0
Rv2236c:Ser79Cys	1.0
Rv2237:Pro78Pro	1.0
Rv2241:Lys369Lys	1.0
Rv2247:Asp200Asp	1.0
Rv2247:Asp229Gly	1.0
Rv2248:Val199Gly	1.0
Rv2251:2525723_del	1.0
Rv2251:Pro470Pro	1.0
Rv2252:Gly196Asp	1.0
Rv2256c:Thr65Thr	1.0
Rv2258c:Ala52Ala	1.0
Rv2260:Asp16Asp	1.0
Rv2264c:2536628_ins_A	1.0
Rv2264c:Gly584Gly	1.0
Rv2264c:Thr487Ala	1.0
Rv2266:Phe261Ser	1.0
Rv2268c:Glu294Glu	1.0
Rv2274c:Gly41Val	1.0
Rv2276:His318Tyr	1.0
Rv2290:Ala16Ser	1.0
Rv2293c:2564368_ins_C	1.0
Rv2307c:Met24Thr	1.0
Rv2308:Asp212Asn	1.0
Rv2314c:Arg405Arg	1.0
Rv2314c:Gly388Gly	1.0
Rv2316:Asp67His	1.0
Rv2316:Val127Leu	1.0
Rv2319c:Ile139Ile	1.0
Rv2326c:Asn516Asn	1.0
Rv2327:Arg91Arg	1.0
Rv2328:Ala344Thr	1.0
Rv2328:Ser282Arg	1.0
Rv2333c:Asp69Tyr	1.0
Rv2337c:Gly119Val	1.0
Rv2337c:Leu244Leu	1.0
Rv2339:2614910_del	1.0
Rv2346c:Ala83Ala	1.0
Rv2346c:Glu52Gly	1.0
Rv2346c:Ile54Ile	1.0
Rv2346c:Leu57Leu	1.0
Rv2347c:Ala2Ala	1.0
Rv2347c:Thr3Ser	1.0
Rv2349c:Arg251Arg	1.0
Rv2349c:Gly361Cys	1.0
Rv2351c:Thr446Ala	1.0
Rv2351c:Val235Val	1.0
Rv2360c:Ala66Thr	1.0
Rv2366c:Arg155Cys	1.0
Rv2377c:Val69Ala	1.0
Rv2379c:Glu589Asp	1.0
Rv2380c:Ala1107Ala	1.0
Rv2381c:Pro601Pro	1.0
Rv2383c:Val674Leu	1.0
Rv2386a:Thr67Thr	1.0
Rv2398c:Gly141Ala	1.0
Rv2400c:Ala76Thr	1.0
Rv2402:Asn292His	1.0
Rv2407:2704884_ins_CAGCGACCATATCGCCGAGCT	1.0
Rv2409c:Thr224Asn	1.0
Rv2414c:Pro385Pro	1.0
Rv2424c:Ala72Ala	1.0
Rv2424c:Thr275Ile	1.0
Rv2424c:Thr276Ala	1.0
Rv2426c:2724181_2724200_del	1.0
Rv2426c:Leu226Leu	1.0
Rv2433c:Leu26Arg	1.0
Rv2436:Val282Ala	1.0
Rv2437:2734482_del	1.0
Rv2439c:Ala226Ser	1.0
Rv2440c:Ser471Arg	1.0
Rv2443:Leu167Leu	1.0
Rv2450c:Arg126Gln	1.0
Rv2450c:Cys168Cys	1.0
Rv2450c:Thr20Arg	1.0
Rv2458:Tyr125Cys	1.0
Rv2467:Leu17Pro	1.0
Rv2471:Val331Ala	1.0
Rv2472:Arg30Arg	1.0
Rv2476c:Ser1043Gly	1.0
Rv2482c:Cys778Arg	1.0
Rv2483c:Arg409Arg	1.0
Rv2484c:Gly466Asp	1.0
Rv2485c:Arg60Leu	1.0
Rv2488c:Thr265Ile	1.0
Rv2492:Ala70Asp	1.0
Rv2494:Val48Ala	1.0
Rv2495c:Thr107Ala	1.0
Rv2495c:Tyr103Asp	1.0
Rv2502c:Lys402Lys	1.0
Rv2502c:Phe325Val	1.0
Rv2503c:Gly97Gly	1.0
Rv2505c:Ala85Ala	1.0
Rv2509:Lys263Lys	1.0
Rv2510c:Ile503Ile	1.0
Rv2512c:Thr9Ala	1.0
Rv2512c:Val170Val	1.0
Rv2513:Thr122Lys	1.0
Rv2516c:Ala62Val	1.0
Rv2519:Val67Ala	1.0
Rv2522c:Met215Ile	1.0
Rv2524c:Arg1587His	1.0
Rv2524c:Asp684Asp	1.0
Rv2524c:Cys2771Arg	1.0
Rv2526:2851162_2851166_del	1.0
Rv2526:Leu26Ser	1.0
Rv2531c:Ala841Ala	1.0
Rv2542:Thr211Ala	1.0
Rv2542:Val251Val	1.0
Rv2543:Ala116Ala	1.0
Rv2543:Ala132Ala	1.0
Rv2543:Ala138Val	1.0
Rv2543:Ala139Thr	1.0
Rv2543:Ala28Ala	1.0
Rv2543:Asn38Ser	1.0
Rv2543:Glu68Glu	1.0
Rv2543:Gly47Asp	1.0
Rv2543:His37Gln	1.0
Rv2543:Ile137Val	1.0
Rv2543:Leu70Leu	1.0
Rv2543:Lys163Lys	1.0
Rv2543:Lys60Lys	1.0
Rv2543:Pro12Pro	1.0
Rv2543:Thr34Thr	1.0
Rv2544:Ala28Ala	1.0
Rv2544:Arg143Arg	1.0
Rv2544:Gln75Arg	1.0
Rv2544:Gly36Asp	1.0
Rv2544:Gly36Gly	1.0
Rv2544:Gly47Asp	1.0
Rv2544:His44Arg	1.0
Rv2544:His59Asn	1.0
Rv2544:Ile211Ile	1.0
Rv2544:Leu157Leu	1.0
Rv2544:Lys41Thr	1.0
Rv2544:Pro43Arg	1.0
Rv2544:Val151Ala	1.0
Rv2545:2867881_del	1.0
Rv2560:Val210Leu	1.0
Rv2564:Met243Leu	1.0
Rv2566:Ala1087Ala	1.0
Rv2566:Glu66Glu	1.0
Rv2566:Leu610Pro	1.0
Rv2567:Gln645Arg	1.0
Rv2567:Gly491Gly	1.0
Rv2569c:Ser67Ser	1.0
Rv2573:Tyr160Tyr	1.0
Rv2578c:Ser31Ser	1.0
Rv2584c:Ala147Glu	1.0
Rv2585c:Ala128Ala	1.0
Rv2585c:Cys462Ser	1.0
Rv2588c:Asp87Ala	1.0
Rv2591:Ala347Ala	1.0
Rv2591:Gln433Leu	1.0
Rv2591:Gly432Gly	1.0
Rv2592c:Pro281Pro	1.0
Rv2596:Cys77Arg	1.0
Rv2611c:Ile102Met	1.0
Rv2611c:Ser197Cys	1.0
Rv2611c:Ser197Ser	1.0
Rv2615c:Gln43His	1.0
Rv2615c:Gln73Glu	1.0
Rv2615c:Gly83Ser	1.0
Rv2615c:Tyr71Tyr	1.0
Rv2621c:Ala110Val	1.0
Rv2627c:Arg104Gly	1.0
Rv2629:Asp64Ala	1.0
Rv2650c:Asn3Thr	1.0
Rv2650c:Ile101Thr	1.0
Rv2665:Leu44Arg	1.0
Rv2668:His3Arg	1.0
Rv2672:His317Asp	1.0
Rv2678c:Leu292Leu	1.0
Rv2685:Ala378Gly	1.0
Rv2688c:Pro156Thr	1.0
Rv2691:Asp164Gly	1.0
Rv2691:Thr117Ala	1.0
Rv2692:Ile133Val	1.0
Rv2693c:Gly126Arg	1.0
Rv2702:Ile203Thr	1.0
Rv2709:3021893_3021901_del	1.0
Rv2711:Arg153Arg	1.0
Rv2712c:Thr329Ile	1.0
Rv2714:Val245Ala	1.0
Rv2719c:Tyr124His	1.0
Rv2721c:Pro477Pro	1.0
Rv2724c:Val156Met	1.0
Rv2729c:Ala202Glu	1.0
Rv2736c:Val59Leu	1.0
Rv2741:Gly136Gly	1.0
Rv2741:Gly56Gly	1.0
Rv2741:Ser271Gly	1.0
Rv2743c:Pro156Thr	1.0
Rv2756c:Leu306Pro	1.0
Rv2769c:Val270Met	1.0
Rv2770c:Phe194Ser	1.0
Rv2771c:Leu80Pro	1.0
Rv2794c:Met87Val	1.0
Rv2795c:Cys241Cys	1.0
Rv2799:Thr195Ala	1.0
Rv2802c:Ser116Ser	1.0
Rv2805:Gly4Asp	1.0
Rv2807:Glu72Val	1.0
Rv2812:Arg395Gly	1.0
Rv2820c:Lys114Asn	1.0
Rv2823c:3131469_ins_TGTCGGCGA	1.0
Rv2825c:Lys2Glu	1.0
Rv2825c:Ser162Ser	1.0
Rv2825c:Ser162Trp	1.0
Rv2828c:Ser128Ser	1.0
Rv2828c:Ser128Trp	1.0
Rv2828c:Thr141Arg	1.0
Rv2830c:Ala56Val	1.0
Rv2831:Asp156Tyr	1.0
Rv2838c:Glu183Glu	1.0
Rv2848c:3156201_ins_G	1.0
Rv2853:Arg180Gly	1.0
Rv2855:Ser144Ser	1.0
Rv2862c:Cys50Arg	1.0
Rv2866:Arg21Arg	1.0
Rv2869c:Val259Phe	1.0
Rv2874:Tyr672Asp	1.0
Rv2878c:Ala52Ala	1.0
Rv2885c:3194241_ins_G	1.0
Rv2891:Ala6Val	1.0
Rv2899c:Ala84Val	1.0
Rv2905:Gln81Arg	1.0
Rv2916c:Arg35Arg	1.0
Rv2917:Arg594Leu	1.0
Rv2923c:3238120_3238122_del	1.0
Rv2931:3247864_ins_TAGG	1.0
Rv2931:3247866_3247869_del	1.0
Rv2931:Ala803Ala	1.0
Rv2931:Ala803Thr	1.0
Rv2931:Arg804Arg	1.0
Rv2931:Arg810Arg	1.0
Rv2931:Arg877Arg	1.0
Rv2931:Arg877His	1.0
Rv2931:Asp624Glu	1.0
Rv2931:Leu1194Arg	1.0
Rv2931:Phe811Phe	1.0
Rv2931:Ser813Ser	1.0
Rv2933:Gly270Gly	1.0
Rv2934:Ser1261Ser	1.0
Rv2935:Ala615Ala	1.0
Rv2935:Gln1016Gln	1.0
Rv2940c:Thr2005Pro	1.0
Rv2941:Ile507Ile	1.0
Rv2941:Thr436Ala	1.0
Rv2947c:3296371_ins_CCGCGGC	1.0
Rv2947c:Val333Ala	1.0
Rv2952:Gly176Arg	1.0
Rv2957:Lys235Lys	1.0
Rv2962c:Ala237Ala	1.0
Rv2964:Met143Leu	1.0
Rv2971:Asn152His	1.0
Rv2975c:3331362_3331363_del	1.0
Rv2976c:Val215Val	1.0
Rv2979c:Pro14Arg	1.0
Rv2981c:Thr365Ala	1.0
Rv2982c:Pro133Ala	1.0
Rv2982c:Pro60Pro	1.0
Rv2995c:Thr179Thr	1.0
Rv2997:Glu346Ala	1.0
Rv2999:Met212Leu	1.0
Rv3009c:Gly343Gly	1.0
Rv3015c:Phe167Cys	1.0
Rv3018c:Val50Ala	1.0
Rv3041c:Ala16Ala	1.0
Rv3042c:Gly116Glu	1.0
Rv3043c:Thr182Thr	1.0
Rv3047c:Thr53Ala	1.0
Rv3048c:Ala286Ala	1.0
Rv3051c:Gln519Arg	1.0
Rv3059:Asp445Gly	1.0
Rv3062:Pro91Ser	1.0
Rv3063:Arg559Ser	1.0
Rv3077:Arg308Arg	1.0
Rv3077:Gly310Arg	1.0
Rv3081:Phe220Leu	1.0
Rv3084:Val243Val	1.0
Rv3087:Leu447Val	1.0
Rv3088:Leu449Leu	1.0
Rv3089:Ala302Ala	1.0
Rv3093c:Cys210Trp	1.0
Rv3097c:Gly58Ala	1.0
Rv3098c:Ala66Ala	1.0
Rv3109:Thr98Thr	1.0
Rv3113:Gly134Glu	1.0
Rv3114:Ser11Pro	1.0
Rv3117:Leu51Leu	1.0
Rv3121:Ala200Ala	1.0
Rv3121:Lys157Glu	1.0
Rv3132c:Glu356Glu	1.0
Rv3134c:Ala169Ala	1.0
Rv3134c:Leu201Leu	1.0
Rv3136:Ala131Ala	1.0
Rv3136:Ala134Ala	1.0
Rv3136:Ala145Ala	1.0
Rv3136:Ala148Ala	1.0
Rv3136:Ala157Thr	1.0
Rv3136:Gln146Gln	1.0
Rv3136:Gly153Gly	1.0
Rv3136:Phe125Leu	1.0
Rv3136:Phe126Leu	1.0
Rv3136:Thr123Ser	1.0
Rv3136:Thr130Thr	1.0
Rv3136:Thr136Ile	1.0
Rv3137:Pro168Leu	1.0
Rv3141:Glu292Glu	1.0
Rv3144c:Lys400Gln	1.0
Rv3151:Ile474Met	1.0
Rv3151:Thr604Ala	1.0
Rv3159c:3528972_3528974_del	1.0
Rv3159c:Arg33Gly	1.0
Rv3159c:Asn322Asn	1.0
Rv3159c:Asn324Asn	1.0
Rv3159c:Asn335Asn	1.0
Rv3159c:Asn348Asn	1.0
Rv3159c:Gly333Gly	1.0
Rv3159c:Gly340Gly	1.0
Rv3159c:Gly345Gly	1.0
Rv3159c:Gly355Gly	1.0
Rv3159c:Gly360Gly	1.0
Rv3159c:Ile359Ile	1.0
Rv3159c:Leu336Leu	1.0
Rv3159c:Leu342Leu	1.0
Rv3159c:Leu349Ile	1.0
Rv3159c:Leu349Leu	1.0
Rv3159c:Ser354Ser	1.0
Rv3161c:Val62Leu	1.0
Rv3174:Gly28Ser	1.0
Rv3175:Ala58Thr	1.0
Rv3183:Ala25Ala	1.0
Rv3190c:Leu138Pro	1.0
Rv3198c:Glu331Gly	1.0
Rv3199c:Pro239Arg	1.0
Rv3201c:Gln269Arg	1.0
Rv3202c:Glu902Lys	1.0
Rv3204:Thr34Ala	1.0
Rv3210c:Leu32Leu	1.0
Rv3213c:Lys144Glu	1.0
Rv3220c:Gly96Arg	1.0
Rv3224:Cys242Cys	1.0
Rv3228:Ala32Ala	1.0
Rv3234c:3610391_ins_C	1.0
Rv3236c:Thr102Ala	1.0
Rv3239c:Leu874Leu	1.0
Rv3243c:Val217Val	1.0
Rv3245c:Met517Leu	1.0
Rv3245c:Pro18Ser	1.0
Rv3248c:Ser376Ser	1.0
Rv3257c:Ser206Leu	1.0
Rv3263:Glu270Ala	1.0
Rv3272:Val181Met	1.0
Rv3274c:Gly111Ser	1.0
Rv3282:Ala80Asp	1.0
Rv3283:Glu276Lys	1.0
Rv3289c:Ala124Ala	1.0
Rv3293:Cys186Ser	1.0
Rv3294c:Ile164Ile	1.0
Rv3296:Lys492Thr	1.0
Rv3296:Pro1386Pro	1.0
Rv3297:Arg77Arg	1.0
Rv3303c:Cys472_	1.0
Rv3303c:Leu308Ser	1.0
Rv3306c:Ala103Ala	1.0
Rv3317:Thr112Ala	1.0
Rv3317:Val54Leu	1.0
Rv3327:Leu208Leu	1.0
Rv3327:Trp54_	1.0
Rv3328c:Pro41Gln	1.0
Rv3329:Gln122His	1.0
Rv3331:Pro423Leu	1.0
Rv3335c:Gly265Gly	1.0
Rv3336c:Ile77Ile	1.0
Rv3343c:Ala1531Val	1.0
Rv3343c:Ala2107Val	1.0
Rv3343c:Asn1542Asn	1.0
Rv3343c:Asn2098Asn	1.0
Rv3343c:Glu103Ala	1.0
Rv3343c:Gly1981Gly	1.0
Rv3343c:Gly304Gly	1.0
Rv3343c:Ile1461Ile	1.0
Rv3343c:Ile1473Ile	1.0
Rv3343c:Ile2157Thr	1.0
Rv3343c:Ile276Ile	1.0
Rv3343c:Ile288Ile	1.0
Rv3343c:Leu1438Leu	1.0
Rv3343c:Phe1471Ile	1.0
Rv3343c:Phe286Ile	1.0
Rv3343c:Thr1563Thr	1.0
Rv3343c:Thr2139Thr	1.0
Rv3343c:Thr378Thr	1.0
Rv3344c:3737467_3737502_del	1.0
Rv3345c:Gly401Gly	1.0
Rv3347c:Asn992Asn	1.0
Rv3347c:Asn992Thr	1.0
Rv3347c:Asp994Asn	1.0
Rv3347c:Gly926Gly	1.0
Rv3347c:Ile326Ile	1.0
Rv3347c:Leu2259Pro	1.0
Rv3347c:Leu3096Leu	1.0
Rv3347c:Leu998Phe	1.0
Rv3347c:Met999Ile	1.0
Rv3347c:Phe1003Tyr	1.0
Rv3347c:Phe1003Val	1.0
Rv3347c:Phe923Tyr	1.0
Rv3347c:Pro23Pro	1.0
Rv3347c:Pro7Pro	1.0
Rv3347c:Ser1000Ser	1.0
Rv3347c:Ser1000Thr	1.0
Rv3347c:Ser922Gly	1.0
Rv3347c:Thr744Ser	1.0
Rv3347c:Val786Ala	1.0
Rv3349c:Leu244Val	1.0
Rv3350c:3761017_del	1.0
Rv3350c:Ala1978Ala	1.0
Rv3350c:Leu1697Arg	1.0
Rv3350c:Val1971Ala	1.0
Rv3365c:Gln698Arg	1.0
Rv3365c:Pro38Leu	1.0
Rv3365c:Ser687Arg	1.0
Rv3366:Arg92Arg	1.0
Rv3366:Arg92Gln	1.0
Rv3379c:3794867_ins_CA	1.0
Rv3383c:Val132Gly	1.0
Rv3389c:Pro165Ser	1.0
Rv3396c:Val271Val	1.0
Rv3398c:Ala210Ala	1.0
Rv3399:Ala330Glu	1.0
Rv3402c:Ala16Glu	1.0
Rv3403c:Val235Val	1.0
Rv3407:Arg84Cys	1.0
Rv3408:Ser46Leu	1.0
Rv3410c:Pro47Pro	1.0
Rv3411c:Ala275Ala	1.0
Rv3411c:Ala391Thr	1.0
Rv3415c:Gln12Gln	1.0
Rv3420c:Ala64Ala	1.0
Rv3424c:Val96Ala	1.0
Rv3425:3842464_del	1.0
Rv3425:Gln72Lys	1.0
Rv3425:Pro129Pro	1.0
Rv3425:Thr128Ala	1.0
Rv3426:3843408_del	1.0
Rv3426:3843679_3843690_del	1.0
Rv3426:Ala109Ala	1.0
Rv3426:Ala109Asp	1.0
Rv3426:Ala167Ala	1.0
Rv3426:Asn110Asp	1.0
Rv3426:Cys227Arg	1.0
Rv3426:Glu162Ala	1.0
Rv3426:Leu221Met	1.0
Rv3426:Met166Val	1.0
Rv3426:Thr107Ala	1.0
Rv3426:Thr107Thr	1.0
Rv3426:Thr223Thr	1.0
Rv3428c:3844757_del	1.0
Rv3428c:Arg92Arg	1.0
Rv3428c:Ser327Cys	1.0
Rv3429:Ala25Ser	1.0
Rv3429:Ala25Val	1.0
Rv3429:Gly17Gly	1.0
Rv3429:Gly19Gly	1.0
Rv3429:Ser24Phe	1.0
Rv3433c:Ala442Ala	1.0
Rv3433c:Ser443Ala	1.0
Rv3437:Asp106Tyr	1.0
Rv3440c:Glu28Glu	1.0
Rv3445c:Pro43Ser	1.0
Rv3446c:Arg284Pro	1.0
Rv3447c:Ser1082Gly	1.0
Rv3449:Thr87Ala	1.0
Rv3450c:Gly417Gly	1.0
Rv3456c:Pro4Pro	1.0
Rv3465:Glu115Asp	1.0
Rv3466:Ala63Thr	1.0
Rv3466:Arg91Arg	1.0
Rv3466:Arg91Leu	1.0
Rv3466:Gly107Gly	1.0
Rv3466:Leu61Leu	1.0
Rv3466:Val131Ile	1.0
Rv3467:Asn276Lys	1.0
Rv3467:Glu256Asp	1.0
Rv3467:Gly262Asp	1.0
Rv3467:His275Arg	1.0
Rv3467:Leu257Leu	1.0
Rv3467:Lys315Glu	1.0
Rv3468c:Ile62Val	1.0
Rv3478:Arg103Gly	1.0
Rv3478:Pro387Leu	1.0
Rv3479:Ala863Ala	1.0
Rv3479:Leu174Arg	1.0
Rv3483c:3902318_ins_T	1.0
Rv3487c:Arg233Cys	1.0
Rv3490:Glu77Gly	1.0
Rv3490:Val334Leu	1.0
Rv3497c:Arg191Ser	1.0
Rv3507:Ala343Thr	1.0
Rv3507:Ala839Gly	1.0
Rv3507:Met346Ile	1.0
Rv3507:Met346Lys	1.0
Rv3508:Ala1244Thr	1.0
Rv3508:Gly1243Gly	1.0
Rv3508:Gly1539Arg	1.0
Rv3508:Ser1232Asn	1.0
Rv3511:3941277_3941285_del	1.0
Rv3511:3941613_3941621_del	1.0
Rv3511:Lys663Asn	1.0
Rv3511:Lys663Thr	1.0
Rv3512:3944466_del	1.0
Rv3514:Thr973Thr	1.0
Rv3515c:Asp55Tyr	1.0
Rv3516:Gly86Asp	1.0
Rv3521:Asn295Asp	1.0
Rv3522:Thr324Ile	1.0
Rv3523:Phe68Leu	1.0
Rv3525c:Asp46Asp	1.0
Rv3528c:Pro225Pro	1.0
Rv3531c:Phe313Leu	1.0
Rv3537:Arg409Ser	1.0
Rv3540c:Val224Leu	1.0
Rv3543c:Ile288Val	1.0
Rv3543c:Pro386Pro	1.0
Rv3545c:His375His	1.0
Rv3554:Gly125Glu	1.0
Rv3563:Trp275Ser	1.0
Rv3564:Leu121Leu	1.0
Rv3567c:Ile179Thr	1.0
Rv3579c:Pro2Pro	1.0
Rv3581c:Val25Val	1.0
Rv3585:Gln152Gln	1.0
Rv3586:Thr288Ala	1.0
Rv3590c:Ala314Val	1.0
Rv3591c:Phe156Leu	1.0
Rv3593:Ala159Val	1.0
Rv3598c:Ala454Thr	1.0
Rv3603c:Val38Met	1.0
Rv3610c:Tyr691Tyr	1.0
Rv3616c:Thr192Ile	1.0
Rv3619c:Gln20Leu	1.0
Rv3619c:His13His	1.0
Rv3619c:Leu57Leu	1.0
Rv3619c:Ser23Leu	1.0
Rv3620c:Thr2Ala	1.0
Rv3629c:Gly196Val	1.0
Rv3630:Ala40Thr	1.0
Rv3649:Leu93Pro	1.0
Rv3653:4094346_ins_CGGCGCCGGCGGCGCCGG	1.0
Rv3655c:4095002_del	1.0
Rv3655c:Glu2Glu	1.0
Rv3666c:Gln4Arg	1.0
Rv3669:Val159Val	1.0
Rv3671c:Ile363Val	1.0
Rv3674c:Pro2Arg	1.0
Rv3676:Asp45Asn	1.0
Rv3680:Asn378Asp	1.0
Rv3680:Gly199Ala	1.0
Rv3682:Ala124Ala	1.0
Rv3682:Ala619Thr	1.0
Rv3691:Thr267Ser	1.0
Rv3695:Ala208Ala	1.0
Rv3703c:Tyr385Tyr	1.0
Rv3708c:Pro121Pro	1.0
Rv3711c:Gly76Asp	1.0
Rv3711c:Val211Leu	1.0
Rv3712:Val2Val	1.0
Rv3713:Ile89Ile	1.0
Rv3714c:Pro209Pro	1.0
Rv3715c:Gly44Cys	1.0
Rv3719:Thr12Ala	1.0
Rv3721c:His97His	1.0
Rv3722c:Met158Thr	1.0
Rv3725:4170964_ins_A	1.0
Rv3725:Val176Leu	1.0
Rv3727:Gly393Arg	1.0
Rv3729:Gln516His	1.0
Rv3729:Pro269Ser	1.0
Rv3731:Arg313His	1.0
Rv3731:Val210Val	1.0
Rv3736:Ala284Ala	1.0
Rv3736:Leu15Leu	1.0
Rv3737:Asp40Gly	1.0
Rv3737:Pro504Pro	1.0
Rv3743c:Ala100Ala	1.0
Rv3743c:Phe291Phe	1.0
Rv3758c:Asn84Asp	1.0
Rv3759c:His311His	1.0
Rv3759c:Leu85Pro	1.0
Rv3759c:Trp17Arg	1.0
Rv3764c:Cys246Arg	1.0
Rv3766:4212833_4212835_del	1.0
Rv3770c:Ala115Thr	1.0
Rv3770c:Pro98Ala	1.0
Rv3772:Thr142Ala	1.0
Rv3773c:Gly137Val	1.0
Rv3774:Gly31Gly	1.0
Rv3776:Leu134Leu	1.0
Rv3776:Met329Val	1.0
Rv3776:Ser112Leu	1.0
Rv3777:Leu63Leu	1.0
Rv3777:Val160Ala	1.0
Rv3778c:Asn237Asn	1.0
Rv3782:Val274Ala	1.0
Rv3785:Val182Val	1.0
Rv3788:Ile61Leu	1.0
Rv3790:Thr153Thr	1.0
Rv3792:Gly248Gly	1.0
Rv3793:Arg927Arg	1.0
Rv3794:Cys76Cys	1.0
Rv3795:Met306Ile	1.0
Rv3797:Gly71Gly	1.0
Rv3797:Ser328Pro	1.0
Rv3798:Gly349Gly	1.0
Rv3798:Leu338Leu	1.0
Rv3798:Leu433Arg	1.0
Rv3799c:Asp506Asp	1.0
Rv3799c:His9His	1.0
Rv3800c:Ala1646Asp	1.0
Rv3800c:Arg1309Arg	1.0
Rv3800c:Thr1014Met	1.0
Rv3801c:Gly227Ser	1.0
Rv3805c:Asp397Gly	1.0
Rv3810:Pro268His	1.0
Rv3815c:Val27Val	1.0
Rv3820c:Pro466Leu	1.0
Rv3822:Gly148Gly	1.0
Rv3823c:Leu465Leu	1.0
Rv3825c:Asp1197Asp	1.0
Rv3826:Glu422Gln	1.0
Rv3827c:Thr252Ala	1.0
Rv3829c:4303498_ins_G	1.0
Rv3830c:4305063_ins_A	1.0
Rv3831:Ser133Ser	1.0
Rv3833:Val105Ile	1.0
Rv3834c:Leu174Leu	1.0
Rv3835:Leu294Arg	1.0
Rv3837c:Gly15Asp	1.0
Rv3839:Pro122Ser	1.0
Rv3841:Leu156Leu	1.0
Rv3842c:His255Tyr	1.0
Rv3847:4322040_del	1.0
Rv3871:Pro493Pro	1.0
Rv3872:Glu99_	1.0
Rv3877:Leu368Leu	1.0
Rv3879c:Asp44Asn	1.0
Rv3879c:Cys729Ser	1.0
Rv3879c:Glu660Ala	1.0
Rv3879c:Pro216Pro	1.0
Rv3879c:Thr206Thr	1.0
Rv3882c:Arg285Arg	1.0
Rv3884c:Ala189Ala	1.0
Rv3884c:Glu215Gly	1.0
Rv3885c:Val146Val	1.0
Rv3886c:Asp125Glu	1.0
Rv3888c:Arg118Arg	1.0
Rv3892c:Thr19Lys	1.0
Rv3894c:4379045_del	1.0
Rv3894c:Arg258Pro	1.0
Rv3894c:Asp650Gly	1.0
Rv3896c:Ala266Ala	1.0
Rv3896c:Gln193Lys	1.0
Rv3897c:4383144_ins_CGGGG	1.0
Rv3898c:_111Gln	1.0
Rv3900c:Leu27Leu	1.0
Rv3908:Arg48Gly	1.0
Rv3910:Ile380Ile	1.0
Rv3911:4400661_del	1.0
Rv3919c:Ala205Ala	1.0
Rv3919c:Glu92Asp	1.0
Lineage 1	0.0
Lineage 1.1	0.0
Lineage 1.1.1	0.0
Lineage 1.1.1.1	0.0
Lineage 1.1.2	0.0
Lineage 1.1.3	0.0
Lineage 1.2.1	0.0
Lineage 1.2.2	0.0
Lineage 2.1	0.0
Lineage 2.2.1	1.0
Lineage 2.2.1.1	0.0
Lineage 2.2.1.2	0.0
Lineage 2.2.2	0.0
Lineage 3	0.0
Lineage 3.1.1	0.0
Lineage 3.1.2	0.0
Lineage 3.1.2.1	0.0
Lineage 3.1.2.2	0.0
Lineage 4	0.0
Lineage 4.1	0.0
Lineage 4.1.1	0.0
Lineage 4.1.1.1	0.0
Lineage 4.1.1.2	0.0
Lineage 4.1.1.3	0.0
Lineage 4.1.2	0.0
Lineage 4.1.2.1	0.0
Lineage 4.2	0.0
Lineage 4.2.1	0.0
Lineage 4.2.2	0.0
Lineage 4.2.2.1	0.0
Lineage 4.3	0.0
Lineage 4.3.1	0.0
Lineage 4.3.2	0.0
Lineage 4.3.2.1	0.0
Lineage 4.3.3	0.0
Lineage 4.3.4	0.0
Lineage 4.3.4.1	0.0
Lineage 4.3.4.2	0.0
Lineage 4.3.4.2.1	0.0
Lineage 4.4	0.0
Lineage 4.4.1	0.0
Lineage 4.4.1.1	0.0
Lineage 4.4.1.2	0.0
Lineage 4.4.2	0.0
Lineage 4.5	0.0
Lineage 4.6	0.0
Lineage 4.6.1	0.0
Lineage 4.6.1.1	0.0
Lineage 4.6.1.2	0.0
Lineage 4.6.2	0.0
Lineage 4.6.2.1	0.0
Lineage 4.6.2.2	0.0
Lineage 4.7	0.0
Lineage 4.8	0.0
Lineage 4.9	0.0
Lineage 5	0.0
Lineage 6	0.0
Lineage 7	0.0
Lineage BOV	0.0
AMK_geno	0.0
BDQ_geno	0.0
CAP_geno	0.0
CFZ_geno	0.0
DCS_geno	0.0
DEL_geno	0.0
EMB_geno	1.0
ETH_geno	0.0
INH_geno	1.0
KAN_geno	0.0
FQ_geno	0.0
LIN_geno	0.0
PAS_geno	0.0
PZA_geno	0.0
RIF_geno	1.0
STR_geno	1.0
