-:1096567A>G	1.0
-:1096633T>G	1.0
-:1165521_ins_A	1.0
-:1168715_ins_T	1.0
-:1224367T>C	1.0
-:1277795T>C	1.0
-:1277869_ins_T	1.0
-:1278583A>C	1.0
-:131174_ins_G	1.0
-:1313337_ins_G	1.0
-:1313338A>C	1.0
-:133839C>T	1.0
-:1365837_ins_G	1.0
-:1461309C>T	1.0
-:1471659C>T	1.0
-:1531103G>A	1.0
-:1613035T>C	1.0
-:1644309T>C	1.0
-:1728837A>G	1.0
-:1753519_ins_C	1.0
-:1836286G>C	1.0
-:1894300_ins_GTCTTGCCGC	1.0
-:1933988G>A	1.0
-:1987628G>A	1.0
-:2030521T>C	1.0
-:2049065T>C	1.0
-:2052742C>T	1.0
-:2069031T>A	1.0
-:2074514G>C	1.0
-:2109523_ins_G	1.0
-:2207591_ins_C	1.0
-:2223293T>C	1.0
-:2228967A>G	1.0
-:2234248_del	1.0
-:2242900G>A	1.0
-:2251999A>G	1.0
-:2260151A>G	1.0
-:2260154C>T	1.0
-:2260171T>C	1.0
-:2260174C>T	1.0
-:2260196_ins_A	1.0
-:2260199C>T	1.0
-:2260212G>T	1.0
-:2260214G>C	1.0
-:2260220C>T	1.0
-:2260222C>G	1.0
-:2260231T>C	1.0
-:2260525C>T	1.0
-:2260814C>G	1.0
-:2368565_del	1.0
-:2424925A>G	1.0
-:2431471A>T	1.0
-:2463230G>A	1.0
-:2500897C>T	1.0
-:2523205_ins_CGC	1.0
-:2534563_2534564_del	1.0
-:2544683T>C	1.0
-:2594301C>T	1.0
-:2614162_del	1.0
-:2638997G>A	1.0
-:2639192G>A	1.0
-:26959C>G	1.0
-:2718852T>G	1.0
-:272860C>T	1.0
-:2752698C>A	1.0
-:2827984G>T	1.0
-:2828019T>C	1.0
-:2881598_del	1.0
-:2884398C>G	1.0
-:2927939T>C	1.0
-:2964956T>C	1.0
-:2976582G>A	1.0
-:3005789T>C	1.0
-:3122168C>T	1.0
-:3214513C>T	1.0
-:3232703G>A	1.0
-:3232759G>A	1.0
-:3242188G>A	1.0
-:3308606G>A	1.0
-:333169C>G	1.0
-:333184A>G	1.0
-:333209A>G	1.0
-:333211C>T	1.0
-:333212G>C	1.0
-:3336528T>A	1.0
-:3336587T>A	1.0
-:3363338A>G	1.0
-:336380A>T	1.0
-:336400C>G	1.0
-:336403C>G	1.0
-:336405A>G	1.0
-:336504G>T	1.0
-:336535T>G	1.0
-:336537T>G	1.0
-:336540G>T	1.0
-:336546T>G	1.0
-:336557_ins_T	1.0
-:34044T>C	1.0
-:3415181_3415194_del	1.0
-:3419467C>T	1.0
-:3536093G>A	1.0
-:3580637_del	1.0
-:3590686_ins_C	1.0
-:3770706_del	1.0
-:3770733G>A	1.0
-:3820407A>G	1.0
-:3820545A>G	1.0
-:3841652T>A	1.0
-:3841654T>G	1.0
-:3842113G>A	1.0
-:3842126G>A	1.0
-:3842147G>C	1.0
-:3842148C>G	1.0
-:3842161G>A	1.0
-:3842164G>C	1.0
-:3842173G>A	1.0
-:3842186T>A	1.0
-:3842204G>A	1.0
-:3842962A>C	1.0
-:3842978_ins_A	1.0
-:3842992C>G	1.0
-:3843001G>A	1.0
-:3843749G>T	1.0
-:3843751G>T	1.0
-:3843752A>G	1.0
-:3843753G>A	1.0
-:3843760T>C	1.0
-:3846605G>A	1.0
-:3846607A>C	1.0
-:3846622G>T	1.0
-:3846687A>G	1.0
-:3846704A>G	1.0
-:3846707A>C	1.0
-:3846743C>G	1.0
-:3846764C>G	1.0
-:3846773_ins_G	1.0
-:3846774T>G	1.0
-:3846777C>A	1.0
-:3846779T>G	1.0
-:3846866C>A	1.0
-:3846882_del	1.0
-:3846886A>T	1.0
-:3846897T>G	1.0
-:3847010G>C	1.0
-:3847014C>G	1.0
-:3847022T>C	1.0
-:3847039G>A	1.0
-:3847052G>A	1.0
-:3847073G>C	1.0
-:3847074C>G	1.0
-:3847087G>A	1.0
-:3847090G>C	1.0
-:3847099G>A	1.0
-:3847112T>A	1.0
-:3862473_del	1.0
-:3892671A>G	1.0
-:3942157C>A	1.0
-:3942161T>C	1.0
-:3943019C>G	1.0
-:3943314A>G	1.0
-:4053050A>G	1.0
-:4053161A>G	1.0
-:4059904A>G	1.0
-:4100975T>C	1.0
-:4234664G>A	1.0
-:4252931_ins_TC	1.0
-:4316777A>G	1.0
-:4338596_del	1.0
-:4364776_ins_T	1.0
-:459399A>C	1.0
-:467497_ins_G	1.0
-:467508_ins_G	1.0
-:467516G>C	1.0
-:467526C>G	1.0
-:467546G>C	1.0
-:467557A>C	1.0
-:467564A>C	1.0
-:467585G>C	1.0
-:467590T>C	1.0
-:467621T>G	1.0
-:467638G>T	1.0
-:503354G>C	1.0
-:52759_ins_C	1.0
-:580772T>A	1.0
-:580774_580797_del	1.0
-:610120T>G	1.0
-:711697G>A	1.0
-:781395T>C	1.0
-:854253_del	1.0
-:874835_ins_CG	1.0
-:888774G>A	1.0
-:888801T>C	1.0
-:921813C>G	1.0
-:948512C>A	1.0
-:986463G>C	1.0
Rv0003:Ile245Thr	1.0
Rv0005:Ala398Val	1.0
Rv0006:Glu21Gln	1.0
Rv0008c:Ser145Pro	1.0
Rv0012:Cys233Arg	1.0
Rv0014c:Val222Ile	1.0
Rv0018c:Pro463Ser	1.0
Rv0024:Val93Val	1.0
Rv0032:Glu189Gln	1.0
Rv0032:Lys209Glu	1.0
Rv0040c:Pro133Pro	1.0
Rv0043c:Gly107Ser	1.0
Rv0050:Pro631Ser	1.0
Rv0058:Arg552Gly	1.0
Rv0058:Pro529Leu	1.0
Rv0064:Arg906Pro	1.0
Rv0064:Asn733Asp	1.0
Rv0064:Gly457Asp	1.0
Rv0068:Val214Leu	1.0
Rv0101:Val2000Val	1.0
Rv0103c:Leu22Ser	1.0
Rv0104:Ile56Ser	1.0
Rv0107c:125830_ins_A	1.0
Rv0108c:Glu27Lys	1.0
Rv0109:Arg346Gly	1.0
Rv0120c:Asn562Ser	1.0
Rv0124:Gln479_	1.0
Rv0127:Ser18Pro	1.0
Rv0151c:Leu485Leu	1.0
Rv0159c:Thr14Ala	1.0
Rv0174:Leu370Pro	1.0
Rv0180c:Gln3_	1.0
Rv0189c:Arg520Gln	1.0
Rv0190:Gly78Gly	1.0
Rv0192:Ser127Pro	1.0
Rv0193c:Glu381Asp	1.0
Rv0193c:Lys417Glu	1.0
Rv0194:Met74Thr	1.0
Rv0197:234496_ins_GT	1.0
Rv0197:Pro438Ala	1.0
Rv0197:Tyr150_	1.0
Rv0197:Tyr749_	1.0
Rv0199:Asp205Asp	1.0
Rv0210:Ile346Met	1.0
Rv0211:Thr443Thr	1.0
Rv0218:Cys316Arg	1.0
Rv0221:Lys212Arg	1.0
Rv0222:Val16Val	1.0
Rv0233:His33Asp	1.0
Rv0236c:Pro360Pro	1.0
Rv0244c:Leu525Leu	1.0
Rv0245:Ser46Leu	1.0
Rv0253:Gly66Arg	1.0
Rv0256c:Leu79Leu	1.0
Rv0259c:Ala182Val	1.0
Rv0260c:Asp379His	1.0
Rv0260c:Val349Val	1.0
Rv0277c:Ile4Leu	1.0
Rv0277c:Leu3Leu	1.0
Rv0277c:Val6Ala	1.0
Rv0278c:333673_del	1.0
Rv0278c:Ala220Ala	1.0
Rv0278c:Ala223Ala	1.0
Rv0278c:Ala223Asp	1.0
Rv0278c:Ala346Ser	1.0
Rv0278c:Ala350Ala	1.0
Rv0278c:Ala557Gly	1.0
Rv0278c:Ala79Ala	1.0
Rv0278c:Ala86Ala	1.0
Rv0278c:Ala88Ala	1.0
Rv0278c:Arg529Arg	1.0
Rv0278c:Arg807Gly	1.0
Rv0278c:Arg891Trp	1.0
Rv0278c:Arg909Arg	1.0
Rv0278c:Asn128Asn	1.0
Rv0278c:Asn128Asp	1.0
Rv0278c:Asn341Asn	1.0
Rv0278c:Asn520Asn	1.0
Rv0278c:Asp131Ala	1.0
Rv0278c:Asp131His	1.0
Rv0278c:Gln890Gln	1.0
Rv0278c:Gly130Ala	1.0
Rv0278c:Gly142Gly	1.0
Rv0278c:Gly193Gly	1.0
Rv0278c:Gly218Gly	1.0
Rv0278c:Gly219Asp	1.0
Rv0278c:Gly219Gly	1.0
Rv0278c:Gly235Gly	1.0
Rv0278c:Gly238Gly	1.0
Rv0278c:Gly286Gly	1.0
Rv0278c:Gly528Gly	1.0
Rv0278c:Gly876Gly	1.0
Rv0278c:Gly878Gly	1.0
Rv0278c:Ile102Ile	1.0
Rv0278c:Leu114Leu	1.0
Rv0278c:Leu135Leu	1.0
Rv0278c:Leu197Leu	1.0
Rv0278c:Leu260Met	1.0
Rv0278c:Leu526Leu	1.0
Rv0278c:Leu526Phe	1.0
Rv0278c:Met196Val	1.0
Rv0278c:Met344Thr	1.0
Rv0278c:Thr525Thr	1.0
Rv0278c:Thr527Thr	1.0
Rv0278c:Trp892Arg	1.0
Rv0278c:Tyr87Tyr	1.0
Rv0278c:Val77Ala	1.0
Rv0278c:Val77Met	1.0
Rv0279c:336562_ins_TGG	1.0
Rv0279c:Ala38Ala	1.0
Rv0279c:Ala57Ala	1.0
Rv0279c:Ala821Ala	1.0
Rv0279c:Asn128Asn	1.0
Rv0279c:Asn128Asp	1.0
Rv0279c:Asn325Ser	1.0
Rv0279c:Asp131Ala	1.0
Rv0279c:Asp131His	1.0
Rv0279c:Cys352Gly	1.0
Rv0279c:Gly130Ala	1.0
Rv0279c:Gly142Gly	1.0
Rv0279c:Gly418Gly	1.0
Rv0279c:Gly782Gly	1.0
Rv0279c:Ile372Ser	1.0
Rv0279c:Ile828Leu	1.0
Rv0279c:Ile828Met	1.0
Rv0279c:Leu135Leu	1.0
Rv0279c:Pro819Pro	1.0
Rv0279c:Ser66Ser	1.0
Rv0279c:Thr119Ala	1.0
Rv0279c:Thr37Thr	1.0
Rv0279c:Thr818Thr	1.0
Rv0279c:Val77Ala	1.0
Rv0279c:Val77Met	1.0
Rv0279c:_838_	1.0
Rv0284:Pro214Arg	1.0
Rv0292:Asn217Asp	1.0
Rv0305c:373283_del	1.0
Rv0315:Lys260Thr	1.0
Rv0318c:Gly223Ala	1.0
Rv0323c:Ser142Gly	1.0
Rv0331:Gly204Ala	1.0
Rv0338c:Ala621Val	1.0
Rv0344c:Glu152Glu	1.0
Rv0350:Ala58Ala	1.0
Rv0354c:424320_ins_C	1.0
Rv0355c:427311_427325_del	1.0
Rv0362:Ala99Val	1.0
Rv0376c:Pro26Pro	1.0
Rv0395:Val80Ala	1.0
Rv0397A:Ile18Thr	1.0
Rv0417:Ser75Cys	1.0
Rv0423c:Val40Val	1.0
Rv0425c:Met689Val	1.0
Rv0450c:Leu97Leu	1.0
Rv0469:Ser11Trp	1.0
Rv0484c:Gly180Gly	1.0
Rv0498:Val207Met	1.0
Rv0500:Ala118Ala	1.0
Rv0507:Arg426His	1.0
Rv0532:Ala239Gly	1.0
Rv0532:Asp227Gly	1.0
Rv0556:Leu15Arg	1.0
Rv0570:Ala590Ala	1.0
Rv0575c:Gln116Gln	1.0
Rv0578c:Gly1142Gly	1.0
Rv0587:Ala111Ala	1.0
Rv0589:Phe51Ser	1.0
Rv0591:Leu469Leu	1.0
Rv0594:Gln401_	1.0
Rv0601c:Gly9Gly	1.0
Rv0613c:Asp819Glu	1.0
Rv0658c:Leu75Pro	1.0
Rv0676c:Ile948Val	1.0
Rv0697:Arg127Gln	1.0
Rv0746:Asn280Asp	1.0
Rv0746:Glu191Gly	1.0
Rv0746:Gly197Gly	1.0
Rv0746:Leu242Leu	1.0
Rv0746:Thr252Ala	1.0
Rv0746:Thr320Ala	1.0
Rv0746:Thr445Ala	1.0
Rv0747:Ala180Ala	1.0
Rv0747:Ala183Asp	1.0
Rv0747:Ala274Asp	1.0
Rv0747:Ala278Ala	1.0
Rv0747:Ala355Ala	1.0
Rv0747:Ala447Asp	1.0
Rv0747:Ala450Asp	1.0
Rv0747:Ala593Ala	1.0
Rv0747:Ala608Ser	1.0
Rv0747:Arg225Gly	1.0
Rv0747:Arg227Gly	1.0
Rv0747:Asp277Asn	1.0
Rv0747:Asp689Asn	1.0
Rv0747:Gly179Gly	1.0
Rv0747:Gly185Gly	1.0
Rv0747:Gly273Gly	1.0
Rv0747:Gly448Gly	1.0
Rv0747:Gly452Gly	1.0
Rv0747:Gly537Gly	1.0
Rv0747:Gly595Gly	1.0
Rv0747:Gly597Gly	1.0
Rv0747:Gly682Gly	1.0
Rv0747:Ile362Leu	1.0
Rv0747:Leu190Leu	1.0
Rv0747:Leu357Pro	1.0
Rv0747:Leu357Val	1.0
Rv0747:Leu457Phe	1.0
Rv0747:Lys295Arg	1.0
Rv0747:Met189Leu	1.0
Rv0747:Phe281Leu	1.0
Rv0747:Phe282Ser	1.0
Rv0747:Phe542Phe	1.0
Rv0747:Ser287Ala	1.0
Rv0747:Ser300Gly	1.0
Rv0747:Thr248Thr	1.0
Rv0747:Thr356Ala	1.0
Rv0747:Val199Ala	1.0
Rv0748:Arg61Pro	1.0
Rv0748:Gly62Gly	1.0
Rv0748:Leu65Leu	1.0
Rv0749:His17His	1.0
Rv0758:Pro172Leu	1.0
Rv0787:Arg23Arg	1.0
Rv0797:Leu208Leu	1.0
Rv0797:Trp54_	1.0
Rv0800:Leu139Arg	1.0
Rv0809:Gly63Gly	1.0
Rv0812:Ile145Met	1.0
Rv0833:Gly675Gly	1.0
Rv0833:Ser584Gly	1.0
Rv0833:Thr351Ala	1.0
Rv0838:Cys23Ser	1.0
Rv0859:Ser150Gly	1.0
Rv0863:Tyr14His	1.0
Rv0866:Val35Val	1.0
Rv0867c:Gly336Gly	1.0
Rv0872c:968426_ins_GCCGGGTTG	1.0
Rv0872c:968707_del	1.0
Rv0881:Gly115Arg	1.0
Rv0890c:Pro866Ala	1.0
Rv0891c:Val37Gly	1.0
Rv0894:Ala296Val	1.0
Rv0907:1010204_ins_G	1.0
Rv0919:Phe141Phe	1.0
Rv0923c:Asn303Asp	1.0
Rv0930:Arg305_	1.0
Rv0943c:Tyr179Tyr	1.0
Rv0950c:Pro248Thr	1.0
Rv0952:Pro144Pro	1.0
Rv0956:His197His	1.0
Rv0958:Gly159Gly	1.0
Rv0962c:Pro186Leu	1.0
Rv0964c:Pro124Thr	1.0
Rv0966c:Val175Ala	1.0
Rv0969:Thr395Thr	1.0
Rv0970:Val210Val	1.0
Rv0971c:Glu47Val	1.0
Rv0978c:Asn143Asn	1.0
Rv0978c:Val317Val	1.0
Rv0983:Leu390Pro	1.0
Rv0987:Asn597Thr	1.0
Rv0993:Gln235Arg	1.0
Rv1007c:Arg39Gly	1.0
Rv1008:Thr187Asn	1.0
Rv1009:Gln69Gln	1.0
Rv1011:Ala112Ala	1.0
Rv1028c:Pro368Ser	1.0
Rv1037c:Ser33Cys	1.0
Rv1037c:Ser33Pro	1.0
Rv1040c:Gly81Gly	1.0
Rv1041c:Gln209His	1.0
Rv1077:Ser21Tyr	1.0
Rv1082:His12His	1.0
Rv1087:Gly357Ala	1.0
Rv1087:Gly358Gly	1.0
Rv1091:1218435_1218442_del	1.0
Rv1093:Val36Ala	1.0
Rv1098c:Ala117Thr	1.0
Rv1118c:Gln22His	1.0
Rv1138c:Pro215Ser	1.0
Rv1145:Ser217Pro	1.0
Rv1154c:Thr123Ala	1.0
Rv1180:_489Tyr	1.0
Rv1181:Ala217Ala	1.0
Rv1186c:Pro207Ala	1.0
Rv1198:Ala83Ala	1.0
Rv1198:Leu23Ser	1.0
Rv1198:Leu57Leu	1.0
Rv1198:Thr37Ala	1.0
Rv1230c:Ser45Gly	1.0
Rv1232c:Cys149Gly	1.0
Rv1239c:Lys139Glu	1.0
Rv1251c:Thr773Thr	1.0
Rv1263:Val260Val	1.0
Rv1266c:Arg607Gln	1.0
Rv1267c:Cys372Cys	1.0
Rv1267c:Cys372Gly	1.0
Rv1267c:Phe376Leu	1.0
Rv1286:Pro521Pro	1.0
Rv1300:Arg194Cys	1.0
Rv1313c:Leu433Arg	1.0
Rv1318c:Glu357Asp	1.0
Rv1319c:Glu518Glu	1.0
Rv1319c:Thr519Thr	1.0
Rv1320c:Thr531Ala	1.0
Rv1321:Ser144Arg	1.0
Rv1325c:Asp511Ala	1.0
Rv1325c:Asp511Asp	1.0
Rv1325c:Asp511Tyr	1.0
Rv1330c:Gly429Ala	1.0
Rv1354c:Leu180Leu	1.0
Rv1364c:Ala465Glu	1.0
Rv1374c:Thr136Ala	1.0
Rv1378c:Arg37Trp	1.0
Rv1396c:Gly414Gly	1.0
Rv1420:Arg563Arg	1.0
Rv1428c:Ala266Ala	1.0
Rv1435c:Ile109Ile	1.0
Rv1435c:Pro101Pro	1.0
Rv1435c:Pro110Pro	1.0
Rv1441c:Ala295Asp	1.0
Rv1450c:Gly140Gly	1.0
Rv1450c:Gly322Gly	1.0
Rv1450c:Gly324Gly	1.0
Rv1450c:Gly325Gly	1.0
Rv1450c:Gly327Gly	1.0
Rv1450c:Gly332Gly	1.0
Rv1450c:Gly334Gly	1.0
Rv1450c:Ser35Ser	1.0
Rv1450c:Thr323Ala	1.0
Rv1452c:Ala429Asp	1.0
Rv1452c:Ala429Pro	1.0
Rv1452c:Ala438Thr	1.0
Rv1452c:Arg412Gly	1.0
Rv1452c:Asp435Asn	1.0
Rv1452c:Gly140Gly	1.0
Rv1452c:Gly322Gly	1.0
Rv1452c:Gly324Gly	1.0
Rv1452c:Gly325Gly	1.0
Rv1452c:Gly327Gly	1.0
Rv1452c:Gly332Gly	1.0
Rv1452c:Gly334Gly	1.0
Rv1452c:Gly340Gly	1.0
Rv1452c:Gly413Gly	1.0
Rv1452c:Gly416Ala	1.0
Rv1452c:Gly428Gly	1.0
Rv1452c:Gly434Gly	1.0
Rv1452c:Gly468Gly	1.0
Rv1452c:His432Asn	1.0
Rv1452c:His432His	1.0
Rv1452c:Pro417His	1.0
Rv1452c:Pro417Thr	1.0
Rv1452c:Thr323Ala	1.0
Rv1452c:Thr345Ala	1.0
Rv1452c:Val342Ile	1.0
Rv1452c:Val342Val	1.0
Rv1453:Pro405Gln	1.0
Rv1462:Asn183Asp	1.0
Rv1514c:Ser159Ser	1.0
Rv1527c:Val212Ile	1.0
Rv1534:Lys35Thr	1.0
Rv1551:Ala618Ala	1.0
Rv1552:Ser524Ser	1.0
Rv1554:Met40Val	1.0
Rv1566c:Gln190Gln	1.0
Rv1566c:Gln191Gln	1.0
Rv1566c:Gln210Gln	1.0
Rv1566c:Gln211Gln	1.0
Rv1566c:Pro198Pro	1.0
Rv1570:Met191Thr	1.0
Rv1575:1780586_ins_G	1.0
Rv1588c:Leu110Leu	1.0
Rv1588c:Pro112Pro	1.0
Rv1599:Thr109Ala	1.0
Rv1601:Pro144Pro	1.0
Rv1602:Arg61His	1.0
Rv1602:Ser201Asn	1.0
Rv1618:His121Leu	1.0
Rv1625c:Ser265Ile	1.0
Rv1647:Ala2Pro	1.0
Rv1661:1875473_del	1.0
Rv1661:Leu220Leu	1.0
Rv1662:Ala1357Thr	1.0
Rv1664:Gln549_	1.0
Rv1676:Ser149Ser	1.0
Rv1682:Ala298Ala	1.0
Rv1683:Val422Met	1.0
Rv1694:Leu11Leu	1.0
Rv1704c:Arg93Leu	1.0
Rv1716:Ala182Ala	1.0
Rv1716:Gly125Val	1.0
Rv1716:Val276Ala	1.0
Rv1724c:Lys95Lys	1.0
Rv1725c:Val87Val	1.0
Rv1739c:1967052_del	1.0
Rv1739c:Arg134Leu	1.0
Rv1753c:Ala416Ala	1.0
Rv1758:Met1Ile	1.0
Rv1758:Met1Leu	1.0
Rv1758:Met1Thr	1.0
Rv1781c:Leu36Leu	1.0
Rv1783:Ser1204Ser	1.0
Rv1793:Ala26Ala	1.0
Rv1793:Leu24Leu	1.0
Rv1793:Val32Ile	1.0
Rv1809:Ala155Ala	1.0
Rv1812c:Leu30Pro	1.0
Rv1815:Ile83Phe	1.0
Rv1846c:Thr138Thr	1.0
Rv1867:Gly380Gly	1.0
Rv1878:Leu283Leu	1.0
Rv1895:Val270Leu	1.0
Rv1897c:Ala93Pro	1.0
Rv1915:Asp30Gly	1.0
Rv1917c:Ala1273Ala	1.0
Rv1917c:Asn1290Asp	1.0
Rv1917c:Asn1313Asp	1.0
Rv1917c:Ile1216Val	1.0
Rv1917c:Pro1174Pro	1.0
Rv1917c:Pro1299Ala	1.0
Rv1917c:Pro1299Pro	1.0
Rv1917c:Ser1298Asn	1.0
Rv1917c:Ser676Ala	1.0
Rv1917c:Thr1297Thr	1.0
Rv1917c:Val1300Val	1.0
Rv1918c:Pro822Ser	1.0
Rv1933c:2184716_del	1.0
Rv1933c:Ala261Val	1.0
Rv1940:Val21Met	1.0
Rv1945:Val243Leu	1.0
Rv1962A:Lys33Lys	1.0
Rv1968:Gly379Gly	1.0
Rv1970:Tyr359Asp	1.0
Rv1971:Ala396Glu	1.0
Rv1977:Ser253Ser	1.0
Rv2000:Ser465Ser	1.0
Rv2017:Ala262Glu	1.0
Rv2024c:Asp154Gly	1.0
Rv2024c:Trp47Arg	1.0
Rv2026c:Leu223Val	1.0
Rv2037c:Cys312Tyr	1.0
Rv2039c:Val131Phe	1.0
Rv2041c:Asp242Asp	1.0
Rv2048c:Ala2250Ala	1.0
Rv2061c:Val78Ile	1.0
Rv2082:Pro638Arg	1.0
Rv2083:Leu256Val	1.0
Rv2101:Pro601Gln	1.0
Rv2121c:Gly60Gly	1.0
Rv2125:Gly33Ser	1.0
Rv2126c:Glu80Glu	1.0
Rv2155c:Arg247Gly	1.0
Rv2177c:Arg143Arg	1.0
Rv2195:Glu257Glu	1.0
Rv2215:Asn397His	1.0
Rv2230c:Pro127Pro	1.0
Rv2231c:Glu179Glu	1.0
Rv2234:Ala37Thr	1.0
Rv2237:Pro78Pro	1.0
Rv2247:Asp200Asp	1.0
Rv2251:2525723_del	1.0
Rv2256c:Gln136Gln	1.0
Rv2259:Asp218Gly	1.0
Rv2281:Gly231Cys	1.0
Rv2298:Tyr3Cys	1.0
Rv2307B:Tyr103Cys	1.0
Rv2314c:Gly388Gly	1.0
Rv2330c:2604157_2604165_del	1.0
Rv2336:Met163Thr	1.0
Rv2336:Val314Ala	1.0
Rv2337c:Gly119Val	1.0
Rv2347c:Ala58Thr	1.0
Rv2347c:Ala82Ala	1.0
Rv2347c:Ala91Ala	1.0
Rv2347c:Arg75Arg	1.0
Rv2347c:Arg80Arg	1.0
Rv2347c:Asn83Asn	1.0
Rv2347c:His72His	1.0
Rv2347c:Leu78Leu	1.0
Rv2347c:Ser92Ser	1.0
Rv2347c:Val79Val	1.0
Rv2363:Arg368Leu	1.0
Rv2369c:Ala21Ala	1.0
Rv2373c:Asp266Glu	1.0
Rv2377c:Val69Ala	1.0
Rv2381c:Ala821Ala	1.0
Rv2383c:Glu129Glu	1.0
Rv2402:Glu290Gly	1.0
Rv2411c:Phe312Leu	1.0
Rv2436:Val282Ala	1.0
Rv2450c:Arg126Gln	1.0
Rv2454c:Pro36Pro	1.0
Rv2458:Tyr125Cys	1.0
Rv2476c:Ser1043Gly	1.0
Rv2482c:Cys778Arg	1.0
Rv2487c:Ala336Ala	1.0
Rv2490c:Gly387Gly	1.0
Rv2495c:Leu230Leu	1.0
Rv2495c:Thr107Ala	1.0
Rv2498c:Thr87Met	1.0
Rv2502c:Val137Ala	1.0
Rv2503c:Gly97Gly	1.0
Rv2513:Thr122Lys	1.0
Rv2531c:Ala841Ala	1.0
Rv2540c:Pro83Ser	1.0
Rv2542:Thr211Ala	1.0
Rv2566:Ala1087Ala	1.0
Rv2567:Gln645Arg	1.0
Rv2567:Gly491Gly	1.0
Rv2567:Pro385Ser	1.0
Rv2569c:Ser67Ser	1.0
Rv2572c:Pro314Ser	1.0
Rv2584c:Ala147Glu	1.0
Rv2585c:Ala128Ala	1.0
Rv2585c:Cys462Ser	1.0
Rv2590:Pro610Ser	1.0
Rv2591:Gly428Ser	1.0
Rv2591:Val522Phe	1.0
Rv2592c:Ala211Ala	1.0
Rv2592c:Pro281Pro	1.0
Rv2611c:Ile102Met	1.0
Rv2611c:Ser197Cys	1.0
Rv2614c:Arg384Cys	1.0
Rv2627c:Arg104Gly	1.0
Rv2628:Ser2Pro	1.0
Rv2650c:Ile101Thr	1.0
Rv2651c:2975486_ins_C	1.0
Rv2655c:Glu385Gly	1.0
Rv2668:His3Arg	1.0
Rv2679:Gly245Glu	1.0
Rv2702:Ala93Ser	1.0
Rv2702:Ile203Thr	1.0
Rv2741:Gly136Gly	1.0
Rv2741:Ser271Gly	1.0
Rv2771c:Leu80Pro	1.0
Rv2794c:Met87Val	1.0
Rv2800:Gln349Pro	1.0
Rv2809:Gly51Ser	1.0
Rv2812:Arg395Gly	1.0
Rv2829c:Pro124Ser	1.0
Rv2830c:Ala56Val	1.0
Rv2839c:Ser158Leu	1.0
Rv2844:Arg66Arg	1.0
Rv2857c:Val131Val	1.0
Rv2866:Arg21Arg	1.0
Rv2874:Tyr672Asp	1.0
Rv2881c:Val301Ile	1.0
Rv2911:Ala202Gly	1.0
Rv2914c:Asp226Asp	1.0
Rv2916c:Arg35Arg	1.0
Rv2917:Arg594Leu	1.0
Rv2931:3247864_ins_TAGG	1.0
Rv2931:3247866_3247869_del	1.0
Rv2931:Ala803Ala	1.0
Rv2931:Ala803Thr	1.0
Rv2931:Arg804Arg	1.0
Rv2931:Arg810Arg	1.0
Rv2931:Arg877Arg	1.0
Rv2931:Arg877His	1.0
Rv2931:Asp624Glu	1.0
Rv2931:His955Pro	1.0
Rv2931:Phe811Phe	1.0
Rv2931:Ser813Ser	1.0
Rv2931:Val1556Val	1.0
Rv2933:Asn1425Asn	1.0
Rv2934:Lys1821Arg	1.0
Rv2935:Ala615Ala	1.0
Rv2935:Gln1016Gln	1.0
Rv2947c:Val333Ala	1.0
Rv2974c:Gly18Trp	1.0
Rv2982c:Pro133Ala	1.0
Rv2999:Met212Leu	1.0
Rv3009c:Gly343Gly	1.0
Rv3031:Ile340Thr	1.0
Rv3032:Asp358His	1.0
Rv3044:Ala43Ala	1.0
Rv3062:Pro91Ser	1.0
Rv3063:Arg559Ser	1.0
Rv3077:Arg308Arg	1.0
Rv3077:Gly310Arg	1.0
Rv3080c:Glu432Glu	1.0
Rv3089:Ala302Ala	1.0
Rv3089:Phe264Cys	1.0
Rv3121:Lys157Glu	1.0
Rv3137:Pro168Leu	1.0
Rv3151:Thr604Ala	1.0
Rv3161c:His211Leu	1.0
Rv3188:Gly75Ser	1.0
Rv3190A:3556894_ins_G	1.0
Rv3204:Thr34Ala	1.0
Rv3213c:Lys144Glu	1.0
Rv3224:Thr160Thr	1.0
Rv3228:Ala32Ala	1.0
Rv3243c:Val217Val	1.0
Rv3273:Val703Ile	1.0
Rv3303c:Cys472_	1.0
Rv3317:Val54Leu	1.0
Rv3318:Val311Ile	1.0
Rv3327:Leu208Leu	1.0
Rv3327:Trp54_	1.0
Rv3328c:Pro41Gln	1.0
Rv3329:Ile423Ile	1.0
Rv3331:Pro423Leu	1.0
Rv3335c:Gly265Gly	1.0
Rv3343c:Arg1608Arg	1.0
Rv3343c:Arg1608Pro	1.0
Rv3343c:Asn357Asn	1.0
Rv3343c:Glu103Ala	1.0
Rv3343c:Glu375Gln	1.0
Rv3343c:Gly304Gly	1.0
Rv3343c:Ile1461Ile	1.0
Rv3343c:Ile1473Ile	1.0
Rv3343c:Ile2037Ile	1.0
Rv3343c:Ile2049Ile	1.0
Rv3343c:Ile2157Thr	1.0
Rv3343c:Ile276Ile	1.0
Rv3343c:Leu1438Leu	1.0
Rv3343c:Phe1471Ile	1.0
Rv3343c:Phe2047Ile	1.0
Rv3343c:Thr1563Thr	1.0
Rv3343c:Thr2139Thr	1.0
Rv3343c:Thr378Thr	1.0
Rv3345c:3738516_ins_TGCCGCCGCTGCCGCCGT	1.0
Rv3347c:Ile326Ile	1.0
Rv3347c:Leu2259Pro	1.0
Rv3350c:3756084_3756093_del	1.0
Rv3350c:3758534_ins_GA	1.0
Rv3367:3779671_ins_GGCAACGGT	1.0
Rv3370c:Cys179Tyr	1.0
Rv3371:Arg99His	1.0
Rv3378c:3793228_del	1.0
Rv3382c:Asp268Gly	1.0
Rv3399:Ala330Glu	1.0
Rv3403c:Val235Val	1.0
Rv3408:Ser46Leu	1.0
Rv3417c:Asp51Asp	1.0
Rv3420c:Ala64Ala	1.0
Rv3421c:Ala145Thr	1.0
Rv3425:Gln72Lys	1.0
Rv3425:Pro129Pro	1.0
Rv3425:Thr128Ala	1.0
Rv3426:3843408_del	1.0
Rv3426:3843555_ins_CAGAGGGGT	1.0
Rv3426:3843679_3843690_del	1.0
Rv3426:Ala109Ala	1.0
Rv3426:Ala109Asp	1.0
Rv3426:Ala167Ala	1.0
Rv3426:Arg180Gly	1.0
Rv3426:Arg182Trp	1.0
Rv3426:Asn110Asp	1.0
Rv3426:Cys227Arg	1.0
Rv3426:Glu162Ala	1.0
Rv3426:Glu175Gly	1.0
Rv3426:Leu221Met	1.0
Rv3426:Met166Val	1.0
Rv3426:Pro179Pro	1.0
Rv3426:Thr107Ala	1.0
Rv3426:Thr107Thr	1.0
Rv3426:Thr223Thr	1.0
Rv3428c:Ser327Cys	1.0
Rv3430c:3847845_del	1.0
Rv3430c:Val309Val	1.0
Rv3440c:Glu28Glu	1.0
Rv3443c:Gly50Gly	1.0
Rv3456c:Pro4Pro	1.0
Rv3466:Leu110Leu	1.0
Rv3466:Pro112Pro	1.0
Rv3466:Pro34Pro	1.0
Rv3467:Lys315Glu	1.0
Rv3472:Ala158Glu	1.0
Rv3479:Ala863Ala	1.0
Rv3479:Leu174Arg	1.0
Rv3487c:Gly200Gly	1.0
Rv3502c:Gln246Glu	1.0
Rv3508:3931730_ins_GCGGGCGGC	1.0
Rv3508:Ala1244Thr	1.0
Rv3508:Gly1243Gly	1.0
Rv3508:Ser1031Asn	1.0
Rv3508:Ser1180Ala	1.0
Rv3508:Ser1232Asn	1.0
Rv3508:Ser830Asn	1.0
Rv3508:Ser979Ala	1.0
Rv3508:Val1444Ala	1.0
Rv3508:Val1649Ala	1.0
Rv3509c:Thr129Met	1.0
Rv3511:Asn396Asp	1.0
Rv3511:Gly288Asp	1.0
Rv3514:3946519_ins_GCGGGCGGC	1.0
Rv3514:Ala445Ala	1.0
Rv3514:Ala445Thr	1.0
Rv3514:Ala445Val	1.0
Rv3514:Cys857Gly	1.0
Rv3514:Cys871Gly	1.0
Rv3514:Gly444Gly	1.0
Rv3514:Val874Gly	1.0
Rv3514:Val875Gly	1.0
Rv3516:Gly86Asp	1.0
Rv3521:Asp242Gly	1.0
Rv3522:Thr324Ile	1.0
Rv3533c:3972130_ins_A	1.0
Rv3536c:Ala15Val	1.0
Rv3540c:Ala350Gly	1.0
Rv3579c:Glu33Asp	1.0
Rv3585:Gln152Gln	1.0
Rv3586:Val134Val	1.0
Rv3593:Ala159Val	1.0
Rv3603c:Leu163Val	1.0
Rv3616c:Thr192Ile	1.0
Rv3619c:Ser33Cys	1.0
Rv3619c:Ser33Pro	1.0
Rv3655c:4095002_del	1.0
Rv3662c:Leu128Phe	1.0
Rv3669:Val159Val	1.0
Rv3692:Arg209Arg	1.0
Rv3697c:Thr123Thr	1.0
Rv3711c:Val211Leu	1.0
Rv3719:Thr12Ala	1.0
Rv3736:Ala284Ala	1.0
Rv3737:Asp40Gly	1.0
Rv3737:Ile108Val	1.0
Rv3743c:Gly433Gly	1.0
Rv3759c:His311His	1.0
Rv3764c:Cys246Arg	1.0
Rv3774:Pro32Pro	1.0
Rv3776:Leu134Leu	1.0
Rv3776:Met329Val	1.0
Rv3777:Leu63Leu	1.0
Rv3793:Arg927Arg	1.0
Rv3818:Thr280Thr	1.0
Rv3820c:Val419Gly	1.0
Rv3825c:4295590_ins_G	1.0
Rv3827c:Thr252Ala	1.0
Rv3831:Ser133Ser	1.0
Rv3872:Glu99_	1.0
Rv3877:Leu368Leu	1.0
Rv3882c:Thr417Ile	1.0
Rv3884c:Ala189Ala	1.0
Rv3890c:4373828_del	1.0
Rv3892c:Thr19Lys	1.0
Rv3894c:Arg258Pro	1.0
Rv3894c:His1028His	1.0
Rv3894c:Leu292Met	1.0
Rv3896c:Ala266Ala	1.0
Rv3896c:Gln193Lys	1.0
Rv3897c:4383144_ins_CGGGG	1.0
Rv3897c:Gly72Gly	1.0
Rv3910:Gly1018Gly	1.0
Rv3911:4400661_del	1.0
Rvnr02:1474001C>T	1.0
Lineage 1	0.0
Lineage 1.1	0.0
Lineage 1.1.1	0.0
Lineage 1.1.1.1	0.0
Lineage 1.1.2	0.0
Lineage 1.1.3	0.0
Lineage 1.2.1	0.0
Lineage 1.2.2	0.0
Lineage 2.1	0.0
Lineage 2.2.1	0.0
Lineage 2.2.1.1	0.0
Lineage 2.2.1.2	0.0
Lineage 2.2.2	0.0
Lineage 3	0.0
Lineage 3.1.1	0.0
Lineage 3.1.2	0.0
Lineage 3.1.2.1	0.0
Lineage 3.1.2.2	0.0
Lineage 4	0.0
Lineage 4.1	0.0
Lineage 4.1.1	0.0
Lineage 4.1.1.1	0.0
Lineage 4.1.1.2	0.0
Lineage 4.1.1.3	0.0
Lineage 4.1.2	0.0
Lineage 4.1.2.1	0.0
Lineage 4.2	0.0
Lineage 4.2.1	0.0
Lineage 4.2.2	0.0
Lineage 4.2.2.1	0.0
Lineage 4.3	0.0
Lineage 4.3.1	0.0
Lineage 4.3.2	0.0
Lineage 4.3.2.1	0.0
Lineage 4.3.3	0.0
Lineage 4.3.4	0.0
Lineage 4.3.4.1	0.0
Lineage 4.3.4.2	0.0
Lineage 4.3.4.2.1	0.0
Lineage 4.4	0.0
Lineage 4.4.1	0.0
Lineage 4.4.1.1	0.0
Lineage 4.4.1.2	0.0
Lineage 4.4.2	0.0
Lineage 4.5	0.0
Lineage 4.6	0.0
Lineage 4.6.1	0.0
Lineage 4.6.1.1	0.0
Lineage 4.6.1.2	0.0
Lineage 4.6.2	0.0
Lineage 4.6.2.1	0.0
Lineage 4.6.2.2	0.0
Lineage 4.7	0.0
Lineage 4.8	1.0
Lineage 4.9	0.0
Lineage 5	0.0
Lineage 6	0.0
Lineage 7	0.0
Lineage BOV	0.0
AMK_geno	0.0
BDQ_geno	0.0
CAP_geno	0.0
CFZ_geno	0.0
DCS_geno	0.0
DEL_geno	0.0
EMB_geno	0.0
ETH_geno	0.0
INH_geno	0.0
KAN_geno	0.0
FQ_geno	0.0
LIN_geno	0.0
PAS_geno	0.0
PZA_geno	0.0
RIF_geno	0.0
STR_geno	0.0
