-:104712C>T	1.0
-:1075279T>C	1.0
-:1096567A>G	1.0
-:1096633T>G	1.0
-:11370C>T	1.0
-:1148255G>A	1.0
-:1160098G>A	1.0
-:1164336G>A	1.0
-:1165521_ins_A	1.0
-:1168715_ins_T	1.0
-:1169305_ins_C	1.0
-:1169308A>G	1.0
-:1200418A>G	1.0
-:1205933G>A	1.0
-:1224367T>C	1.0
-:1232037C>A	1.0
-:1275957T>C	1.0
-:1277869_ins_T	1.0
-:131174_ins_G	1.0
-:1313337_ins_G	1.0
-:1313338A>C	1.0
-:133839C>T	1.0
-:1342715_ins_C	1.0
-:1342720T>G	1.0
-:1365837_ins_G	1.0
-:1393994C>T	1.0
-:1413148C>T	1.0
-:1443428G>A	1.0
-:1471659C>T	1.0
-:1542976T>C	1.0
-:1543304T>C	1.0
-:1589383A>G	1.0
-:1613035T>C	1.0
-:1622964C>A	1.0
-:1706602C>T	1.0
-:1708846C>T	1.0
-:1728622C>G	1.0
-:1728837A>G	1.0
-:1735688G>T	1.0
-:1753519_ins_C	1.0
-:1810237G>A	1.0
-:1836286G>C	1.0
-:1894300_ins_GTCTTGCCGC	1.0
-:1894422A>G	1.0
-:1933988G>A	1.0
-:1977A>G	1.0
-:1988727T>C	1.0
-:1996431A>G	1.0
-:2044790G>A	1.0
-:2049065T>C	1.0
-:2049097G>C	1.0
-:2062805C>G	1.0
-:2074695C>T	1.0
-:2074754C>T	1.0
-:2109523_ins_G	1.0
-:2123169T>G	1.0
-:2135870T>C	1.0
-:2137521_ins_CTCCGATCAC	1.0
-:2187376G>A	1.0
-:2199146A>G	1.0
-:2207591_ins_C	1.0
-:2219329C>T	1.0
-:2219342T>G	1.0
-:2223293T>C	1.0
-:2228967A>G	1.0
-:2251999A>G	1.0
-:2260154C>T	1.0
-:2260171T>C	1.0
-:2260174C>T	1.0
-:2260525C>T	1.0
-:2265059T>G	1.0
-:2266487G>C	1.0
-:2266517T>C	1.0
-:2266550G>T	1.0
-:2266553C>G	1.0
-:2266583C>G	1.0
-:2266598G>C	1.0
-:2266604C>G	1.0
-:2266613_ins_C	1.0
-:2266624G>T	1.0
-:2307701G>A	1.0
-:2357269_2357271_del	1.0
-:2358029_ins_G	1.0
-:2365415G>T	1.0
-:2365744A>G	1.0
-:2366768A>G	1.0
-:2368565_del	1.0
-:2424925A>G	1.0
-:2431141T>C	1.0
-:2431471A>T	1.0
-:2468098G>A	1.0
-:2516567G>C	1.0
-:2523205_ins_CGC	1.0
-:2534563_2534564_del	1.0
-:2550344A>G	1.0
-:2552982_ins_C	1.0
-:2573756C>A	1.0
-:2578975G>T	1.0
-:2610702T>C	1.0
-:2632226G>T	1.0
-:2635907A>G	1.0
-:2636934A>C	1.0
-:2637541C>T	1.0
-:2639213A>G	1.0
-:2680155G>A	1.0
-:26959C>G	1.0
-:2713795C>T	1.0
-:2718852T>G	1.0
-:2752698C>A	1.0
-:2784617A>G	1.0
-:2785639T>C	1.0
-:2785969A>T	1.0
-:2827984G>T	1.0
-:2828019T>C	1.0
-:2881583_del	1.0
-:2881598_del	1.0
-:2927939T>C	1.0
-:293628_ins_C	1.0
-:2953367T>C	1.0
-:2969494T>C	1.0
-:2972439A>G	1.0
-:2973658T>G	1.0
-:2996034G>A	1.0
-:2996085G>A	1.0
-:3037377T>C	1.0
-:3086208G>T	1.0
-:3086788T>C	1.0
-:31077C>T	1.0
-:3119620C>A	1.0
-:3120024T>A	1.0
-:3121548T>C	1.0
-:3190146_del	1.0
-:3304403G>A	1.0
-:3308606G>A	1.0
-:3363338A>G	1.0
-:336380A>T	1.0
-:336400C>G	1.0
-:336403C>G	1.0
-:336405A>G	1.0
-:336504G>T	1.0
-:336535T>G	1.0
-:336537T>G	1.0
-:336540G>T	1.0
-:336546T>G	1.0
-:34044T>C	1.0
-:3415188_3415194_del	1.0
-:3473996_ins_A	1.0
-:3551560A>G	1.0
-:3552584A>T	1.0
-:3552713T>C	1.0
-:3553043A>G	1.0
-:3580637_del	1.0
-:3584834T>C	1.0
-:3590686_ins_C	1.0
-:3603355G>A	1.0
-:3621423A>G	1.0
-:3710382T>A	1.0
-:3710712A>G	1.0
-:3777612C>T	1.0
-:3795058T>C	1.0
-:3796082T>C	1.0
-:3796410_3796412_del	1.0
-:3820545A>G	1.0
-:3841663C>T	1.0
-:3842976A>G	1.0
-:3846591C>T	1.0
-:3846605G>A	1.0
-:3846607A>C	1.0
-:3846622G>T	1.0
-:3846687A>G	1.0
-:3846704A>G	1.0
-:3846882_del	1.0
-:3846886A>T	1.0
-:3846897T>G	1.0
-:3847022T>C	1.0
-:3847039G>A	1.0
-:3847052G>A	1.0
-:3847073G>C	1.0
-:3847074C>G	1.0
-:386013G>A	1.0
-:3862473_del	1.0
-:3874723_del	1.0
-:3890779_3890781_del	1.0
-:3891109A>G	1.0
-:3892133A>G	1.0
-:3892671A>G	1.0
-:3922380G>A	1.0
-:3941910_3941918_del	1.0
-:3942481C>G	1.0
-:3942640T>C	1.0
-:3943019C>G	1.0
-:3969137G>C	1.0
-:3989135C>T	1.0
-:4059904A>G	1.0
-:4100975T>C	1.0
-:4117168_4117169_del	1.0
-:4120983A>G	1.0
-:4121727A>C	1.0
-:4197138_ins_T	1.0
-:4198612_del	1.0
-:4216779G>C	1.0
-:4284347C>T	1.0
-:4323348C>T	1.0
-:4323355G>C	1.0
-:4338596_del	1.0
-:4338732G>A	1.0
-:4350690A>G	1.0
-:4375708T>G	1.0
-:4384112C>T	1.0
-:4386351G>A	1.0
-:4393178A>G	1.0
-:459399A>C	1.0
-:467497_ins_G	1.0
-:467508_ins_G	1.0
-:467516G>C	1.0
-:467526C>G	1.0
-:467546G>C	1.0
-:467557A>C	1.0
-:467564A>C	1.0
-:467585G>C	1.0
-:467590T>C	1.0
-:467621T>G	1.0
-:467638G>T	1.0
-:467705C>G	1.0
-:483935T>G	1.0
-:503354G>C	1.0
-:546914G>A	1.0
-:565655A>G	1.0
-:57393A>T	1.0
-:610120T>G	1.0
-:629925C>A	1.0
-:677685_ins_CGCCA	1.0
-:712693A>G	1.0
-:767414G>A	1.0
-:767416T>C	1.0
-:781395T>C	1.0
-:80616C>G	1.0
-:832708A>C	1.0
-:850591C>T	1.0
-:854253_del	1.0
-:874835_ins_CG	1.0
-:889351A>G	1.0
-:890375A>G	1.0
-:919574T>C	1.0
-:921813C>G	1.0
-:944222C>G	1.0
-:953233T>G	1.0
-:986463G>C	1.0
Rv0003:Ile245Thr	1.0
Rv0006:Glu21Gln	1.0
Rv0006:Gly668Asp	1.0
Rv0006:Ser95Thr	1.0
Rv0008c:Ser145Pro	1.0
Rv0012:Cys233Arg	1.0
Rv0018c:Pro463Ser	1.0
Rv0020c:Gly243Gly	1.0
Rv0025:29483_del	1.0
Rv0026:Pro408Ser	1.0
Rv0032:36471_del	1.0
Rv0034:Ala55Ala	1.0
Rv0040c:Pro133Pro	1.0
Rv0045c:Gly83Arg	1.0
Rv0046c:Arg190Gly	1.0
Rv0048c:Glu248Asp	1.0
Rv0048c:Val250Ala	1.0
Rv0050:Ala244Ala	1.0
Rv0050:Pro631Ser	1.0
Rv0058:Arg552Gly	1.0
Rv0058:Pro754Pro	1.0
Rv0059:Val223Val	1.0
Rv0064:Arg492Arg	1.0
Rv0064:Arg906Pro	1.0
Rv0064:Asn733Asp	1.0
Rv0064:Asp405Asp	1.0
Rv0064:Gly457Asp	1.0
Rv0064:Leu418Phe	1.0
Rv0064:Leu769Phe	1.0
Rv0066c:Leu192Leu	1.0
Rv0068:Val214Leu	1.0
Rv0073:Leu96Leu	1.0
Rv0074:Pro365Pro	1.0
Rv0074:_412_	1.0
Rv0083:Thr600Thr	1.0
Rv0086:Val132Ile	1.0
Rv0094c:Ala128Ala	1.0
Rv0094c:Arg127Arg	1.0
Rv0094c:Arg296Arg	1.0
Rv0094c:Arg296Cys	1.0
Rv0094c:Asn276Lys	1.0
Rv0094c:Glu256Asp	1.0
Rv0094c:Gly262Asp	1.0
Rv0094c:Ile130Leu	1.0
Rv0094c:Leu257Leu	1.0
Rv0094c:Pro295Pro	1.0
Rv0096:Thr159Met	1.0
Rv0097:Ile251Thr	1.0
Rv0098:Ala65Ala	1.0
Rv0101:Val2000Val	1.0
Rv0103c:Leu22Ser	1.0
Rv0107c:125830_ins_A	1.0
Rv0108c:Val36Val	1.0
Rv0109:Arg346Gly	1.0
Rv0120c:Asn562Ser	1.0
Rv0120c:Thr345Thr	1.0
Rv0127:Ser18Pro	1.0
Rv0136:Val437Val	1.0
Rv0151c:Ala122Thr	1.0
Rv0151c:Ile572Val	1.0
Rv0151c:Leu485Leu	1.0
Rv0158:Lys212Asn	1.0
Rv0159c:Thr14Ala	1.0
Rv0165c:Leu45Leu	1.0
Rv0166:Asn550Asn	1.0
Rv0171:Thr422Thr	1.0
Rv0174:Leu370Pro	1.0
Rv0189c:Leu558Leu	1.0
Rv0191:Ala66Ala	1.0
Rv0192:Ser127Pro	1.0
Rv0193c:Lys417Glu	1.0
Rv0194:Arg483Pro	1.0
Rv0194:His86Tyr	1.0
Rv0194:Met74Thr	1.0
Rv0195:Ala72Ala	1.0
Rv0197:234496_ins_GT	1.0
Rv0197:Tyr749_	1.0
Rv0218:Cys316Arg	1.0
Rv0222:Val16Val	1.0
Rv0233:His33Asp	1.0
Rv0236c:Pro360Pro	1.0
Rv0236c:Ser1080Gly	1.0
Rv0236c:Thr743Thr	1.0
Rv0236c:Val327Val	1.0
Rv0252:Lys686Lys	1.0
Rv0259c:Ala182Val	1.0
Rv0260c:Val349Val	1.0
Rv0278c:Ala79Ala	1.0
Rv0278c:Arg807Gly	1.0
Rv0278c:Arg891Trp	1.0
Rv0278c:Gln890Gln	1.0
Rv0278c:Gly235Gly	1.0
Rv0278c:Gly311Gly	1.0
Rv0278c:Ile102Ile	1.0
Rv0278c:Leu114Leu	1.0
Rv0278c:Leu18Leu	1.0
Rv0278c:Met40Ile	1.0
Rv0278c:Phe553Ile	1.0
Rv0278c:Ser66Ser	1.0
Rv0278c:Trp892Arg	1.0
Rv0279c:Ala207Ala	1.0
Rv0279c:Ala225Thr	1.0
Rv0279c:Ala38Ala	1.0
Rv0279c:Ala57Ala	1.0
Rv0279c:Ala821Ala	1.0
Rv0279c:Ala86Ala	1.0
Rv0279c:Ala88Ala	1.0
Rv0279c:Ala94Ala	1.0
Rv0279c:Gly782Gly	1.0
Rv0279c:Ile102Ile	1.0
Rv0279c:Ile828Leu	1.0
Rv0279c:Ile828Met	1.0
Rv0279c:Leu223Met	1.0
Rv0279c:Pro819Pro	1.0
Rv0279c:Ser66Ser	1.0
Rv0279c:Thr119Ala	1.0
Rv0279c:Thr37Thr	1.0
Rv0279c:Thr818Thr	1.0
Rv0279c:Thr95Ala	1.0
Rv0279c:Thr95Ile	1.0
Rv0279c:Thr95Thr	1.0
Rv0279c:Tyr87Tyr	1.0
Rv0279c:Val77Ala	1.0
Rv0279c:Val77Met	1.0
Rv0280:Ser337Pro	1.0
Rv0282:Leu71Leu	1.0
Rv0284:Pro214Arg	1.0
Rv0292:Asn217Asp	1.0
Rv0305c:373283_del	1.0
Rv0305c:Gly933Gly	1.0
Rv0307c:Ala94Ala	1.0
Rv0315:Lys260Thr	1.0
Rv0318c:Ala55Ala	1.0
Rv0318c:Gly223Ala	1.0
Rv0323c:Ser142Gly	1.0
Rv0324:Thr168Ala	1.0
Rv0331:Ala359Pro	1.0
Rv0338c:Ala621Val	1.0
Rv0338c:Arg506Gly	1.0
Rv0344c:Glu152Glu	1.0
Rv0350:Ala58Ala	1.0
Rv0354c:424320_ins_C	1.0
Rv0355c:Gly1947Asp	1.0
Rv0355c:Ile1308Ile	1.0
Rv0356c:Leu95Leu	1.0
Rv0359:Leu214Arg	1.0
Rv0365c:Asp307Glu	1.0
Rv0368c:Gln121Glu	1.0
Rv0376c:Asp301Glu	1.0
Rv0376c:Pro26Pro	1.0
Rv0376c:Tyr69Cys	1.0
Rv0380c:Gly180Asp	1.0
Rv0381c:Thr124Thr	1.0
Rv0395:Val80Ala	1.0
Rv0405:Leu1115Val	1.0
Rv0405:Leu708Val	1.0
Rv0406c:Thr257Thr	1.0
Rv0407:Lys270Met	1.0
Rv0412c:Asp355Tyr	1.0
Rv0417:Ser75Cys	1.0
Rv0420c:Val113Ile	1.0
Rv0422c:Gly254Gly	1.0
Rv0425c:Met689Val	1.0
Rv0436c:Gly167Val	1.0
Rv0437c:Val84Met	1.0
Rv0450c:Leu97Leu	1.0
Rv0453:Arg430Cys	1.0
Rv0459:Arg110Arg	1.0
Rv0461:552495_ins_CTA	1.0
Rv0484c:Gly180Gly	1.0
Rv0486:Asn111Ser	1.0
Rv0500:Ala118Ala	1.0
Rv0507:Ala206Ala	1.0
Rv0507:Arg426His	1.0
Rv0517:Gly10Gly	1.0
Rv0532:Ala239Gly	1.0
Rv0532:Asp227Gly	1.0
Rv0537c:Phe279Phe	1.0
Rv0538:Arg228Pro	1.0
Rv0540:Ile28Met	1.0
Rv0545c:Pro49Ser	1.0
Rv0546c:Leu80Leu	1.0
Rv0556:Leu15Arg	1.0
Rv0557:Arg152Pro	1.0
Rv0561c:Leu316Leu	1.0
Rv0565c:Ser68Pro	1.0
Rv0572c:Phe31Leu	1.0
Rv0575c:Gln116Gln	1.0
Rv0578c:Gly1142Gly	1.0
Rv0587:Ala111Ala	1.0
Rv0587:Leu160Leu	1.0
Rv0588:Thr243Ile	1.0
Rv0589:Phe51Ser	1.0
Rv0591:Leu469Leu	1.0
Rv0592:691887_ins_C	1.0
Rv0601c:Gly9Gly	1.0
Rv0654:Ser253Pro	1.0
Rv0658c:Leu75Pro	1.0
Rv0667:Asp103Asp	1.0
Rv0667:Ser100Ser	1.0
Rv0668:Gly594Glu	1.0
Rv0676c:Ile948Val	1.0
Rv0681:Arg186Arg	1.0
Rv0688:Gly107Val	1.0
Rv0709:Arg46Arg	1.0
Rv0727c:Ala6Asp	1.0
Rv0746:Asn280Asp	1.0
Rv0746:Glu191Gly	1.0
Rv0746:Gly197Gly	1.0
Rv0746:Gly359Gly	1.0
Rv0746:Leu242Leu	1.0
Rv0746:Thr252Ala	1.0
Rv0746:Thr320Ala	1.0
Rv0746:Thr445Ala	1.0
Rv0747:Ala271Ala	1.0
Rv0747:Asp277Asn	1.0
Rv0747:Gly349Asp	1.0
Rv0747:Lys295Arg	1.0
Rv0747:Phe281Leu	1.0
Rv0747:Phe282Ser	1.0
Rv0747:Ser287Ala	1.0
Rv0747:Ser300Gly	1.0
Rv0749A:Thr37Thr	1.0
Rv0758:Pro172Leu	1.0
Rv0764c:Ala114Ala	1.0
Rv0785:Cys408Phe	1.0
Rv0787:Tyr267His	1.0
Rv0798c:Leu172Leu	1.0
Rv0800:Leu139Arg	1.0
Rv0803:Glu464Gln	1.0
Rv0806c:Val370Val	1.0
Rv0808:Ala480Ala	1.0
Rv0808:Ala508Val	1.0
Rv0808:Val101Val	1.0
Rv0809:Gly63Gly	1.0
Rv0812:Ile145Met	1.0
Rv0816c:Leu104Val	1.0
Rv0824c:Gly282Gly	1.0
Rv0826:Thr5Thr	1.0
Rv0831c:Gly215Gly	1.0
Rv0833:Ser584Gly	1.0
Rv0834c:928159_928167_del	1.0
Rv0837c:Gly173Gly	1.0
Rv0848:Gly93Ser	1.0
Rv0853c:Ala528Ala	1.0
Rv0859:Ser150Gly	1.0
Rv0860:Asp275Asp	1.0
Rv0872c:968426_ins_GCCGGGTTG	1.0
Rv0881:Gly115Arg	1.0
Rv0884c:Arg295Arg	1.0
Rv0885:Ser242Ala	1.0
Rv0887c:Tyr117Tyr	1.0
Rv0890c:Pro866Ala	1.0
Rv0891c:Val37Gly	1.0
Rv0894:Phe16Ser	1.0
Rv0907:1010204_ins_G	1.0
Rv0914c:Tyr112His	1.0
Rv0919:Phe141Phe	1.0
Rv0928:Ala281Ala	1.0
Rv0930:Arg305_	1.0
Rv0930:Met5Thr	1.0
Rv0938:Cys344Arg	1.0
Rv0956:His197His	1.0
Rv0957:Pro76Pro	1.0
Rv0958:Ser274Pro	1.0
Rv0962c:Pro186Leu	1.0
Rv0964c:Pro124Thr	1.0
Rv0966c:Val175Ala	1.0
Rv0969:Ala596Thr	1.0
Rv0969:Thr395Thr	1.0
Rv0970:Val210Val	1.0
Rv0974c:Asn51Lys	1.0
Rv0975c:His137Pro	1.0
Rv0976c:Thr259Thr	1.0
Rv0977:1092340_ins_G	1.0
Rv0977:Asn294Ser	1.0
Rv0978c:Asn143Asn	1.0
Rv0978c:Val317Val	1.0
Rv0980c:Ala18Ala	1.0
Rv0980c:Ala51Ala	1.0
Rv0980c:Asn143Asn	1.0
Rv0980c:Asn99His	1.0
Rv0980c:Gly150Gly	1.0
Rv0980c:His43Gln	1.0
Rv0980c:Thr284Ser	1.0
Rv0983:Leu390Pro	1.0
Rv0989c:Ala142Thr	1.0
Rv0989c:Ile321Val	1.0
Rv0992c:Val161Val	1.0
Rv0993:Gln235Arg	1.0
Rv0995:Arg72Leu	1.0
Rv0995:Tyr105Cys	1.0
Rv1005c:Leu161Leu	1.0
Rv1007c:Arg39Gly	1.0
Rv1008:Thr187Asn	1.0
Rv1016c:Glu72Ala	1.0
Rv1028c:Glu712Glu	1.0
Rv1028c:Pro368Ser	1.0
Rv1029:Phe555Leu	1.0
Rv1037c:Gln20Leu	1.0
Rv1037c:His13His	1.0
Rv1037c:Leu57Leu	1.0
Rv1037c:Ser23Leu	1.0
Rv1039c:Pro332Pro	1.0
Rv1040c:Gly81Gly	1.0
Rv1047:Asp286Asn	1.0
Rv1047:Gln328Lys	1.0
Rv1047:Leu82Leu	1.0
Rv1056:Thr163Thr	1.0
Rv1067c:Leu111Trp	1.0
Rv1067c:Tyr136Tyr	1.0
Rv1068c:Tyr136Tyr	1.0
Rv1093:Val36Ala	1.0
Rv1108c:Ala400Gly	1.0
Rv1125:Ala299Ala	1.0
Rv1127c:Gly69Glu	1.0
Rv1128c:Glu270Gly	1.0
Rv1130:Phe10Cys	1.0
Rv1148c:Ala387Ala	1.0
Rv1148c:Gln476His	1.0
Rv1148c:Gln476Pro	1.0
Rv1148c:His445Asn	1.0
Rv1148c:Lys326Lys	1.0
Rv1148c:Lys439Lys	1.0
Rv1148c:Lys442Lys	1.0
Rv1154c:Thr123Ala	1.0
Rv1162:Ala467Val	1.0
Rv1162:Pro346Pro	1.0
Rv1175c:Ala656Ala	1.0
Rv1175c:Cys210Ser	1.0
Rv1180:_489Tyr	1.0
Rv1181:Ala217Ala	1.0
Rv1186c:Asp472Asp	1.0
Rv1186c:Pro207Ala	1.0
Rv1194c:Phe114Leu	1.0
Rv1196:Gly142Gly	1.0
Rv1196:Thr131Thr	1.0
Rv1196:Tyr17Tyr	1.0
Rv1198:Gln20Leu	1.0
Rv1198:Gln6Gln	1.0
Rv1198:Gly8Gly	1.0
Rv1198:His13His	1.0
Rv1199c:Asp286Asn	1.0
Rv1199c:Gln328Lys	1.0
Rv1199c:Leu82Leu	1.0
Rv1213:Thr100Thr	1.0
Rv1217c:Ala531Ala	1.0
Rv1218c:Gln243Arg	1.0
Rv1226c:Asp479Ala	1.0
Rv1230c:Ser45Gly	1.0
Rv1232c:Cys149Gly	1.0
Rv1239c:Lys139Glu	1.0
Rv1249c:Ala97Ser	1.0
Rv1249c:Leu119Leu	1.0
Rv1251c:Pro977His	1.0
Rv1251c:Thr773Thr	1.0
Rv1263:Val260Val	1.0
Rv1266c:Arg607Gln	1.0
Rv1286:Pro521Pro	1.0
Rv1290c:Leu282Phe	1.0
Rv1291c:Ala18Ala	1.0
Rv1292:Pro511Pro	1.0
Rv1297:Arg293His	1.0
Rv1300:Arg194Cys	1.0
Rv1313c:Leu433Arg	1.0
Rv1315:Ile241Ile	1.0
Rv1316c:Thr15Ser	1.0
Rv1319c:Asp439Glu	1.0
Rv1320c:Thr531Ala	1.0
Rv1321:Ser144Arg	1.0
Rv1325c:Gly391Gly	1.0
Rv1328:Lys255Glu	1.0
Rv1330c:Gly429Ala	1.0
Rv1353c:Trp55Arg	1.0
Rv1356c:Ser84Thr	1.0
Rv1358:Arg70Arg	1.0
Rv1358:Gly1114Glu	1.0
Rv1361c:Gln286Arg	1.0
Rv1361c:Gln286_	1.0
Rv1361c:Phe269Leu	1.0
Rv1361c:Thr131Thr	1.0
Rv1364c:Ala465Glu	1.0
Rv1374c:Thr136Ala	1.0
Rv1378c:Arg37Trp	1.0
Rv1386:Ala51Thr	1.0
Rv1388:Val8Val	1.0
Rv1392:Ala276Ala	1.0
Rv1394c:Arg135Leu	1.0
Rv1396c:Arg66Ser	1.0
Rv1396c:Asn512Asn	1.0
Rv1396c:Gly443Arg	1.0
Rv1399c:Gly180Arg	1.0
Rv1412:Ala111Ala	1.0
Rv1419:Gly117Cys	1.0
Rv1423:Ala189Ala	1.0
Rv1431:Pro586Pro	1.0
Rv1434:1612278_ins_CGTCGA	1.0
Rv1435c:Ile109Ile	1.0
Rv1435c:Pro101Pro	1.0
Rv1435c:Pro110Pro	1.0
Rv1446c:Arg192Pro	1.0
Rv1448c:Thr244Ala	1.0
Rv1449c:Tyr18Asp	1.0
Rv1452c:Gly416Ala	1.0
Rv1452c:Gly468Gly	1.0
Rv1452c:Pro417His	1.0
Rv1452c:Pro417Thr	1.0
Rv1453:Pro405Gln	1.0
Rv1459c:Lys113Glu	1.0
Rv1461:Met544Ile	1.0
Rv1462:Asn183Asp	1.0
Rv1471:Ser18Ser	1.0
Rv1479:His26Asn	1.0
Rv1486c:Lys198Asn	1.0
Rv1497:Ala237Pro	1.0
Rv1498A:Gln43Leu	1.0
Rv1498c:Arg191His	1.0
Rv1501:Ile84Ile	1.0
Rv1502:Tyr213Cys	1.0
Rv1505c:Gly195Arg	1.0
Rv1508c:Gly328Gly	1.0
Rv1510:Arg133Gln	1.0
Rv1514c:Ser159Ser	1.0
Rv1517:Leu188Phe	1.0
Rv1521:Thr175Ala	1.0
Rv1521:Val297Val	1.0
Rv1522c:Gly557Gly	1.0
Rv1523:Ala38Thr	1.0
Rv1527c:Leu1903Arg	1.0
Rv1538c:Arg190Pro	1.0
Rv1548c:Asn536Ser	1.0
Rv1548c:Asp258Gly	1.0
Rv1552:Ser524Ser	1.0
Rv1553:Ser157Leu	1.0
Rv1554:Met40Val	1.0
Rv1570:Met191Thr	1.0
Rv1571:Arg84Leu	1.0
Rv1573:Thr19Thr	1.0
Rv1575:1780586_ins_G	1.0
Rv1577c:Leu52Val	1.0
Rv1577c:Lys51Lys	1.0
Rv1587c:Ala50Ala	1.0
Rv1587c:Arg49Arg	1.0
Rv1587c:Asn198Lys	1.0
Rv1587c:Glu178Asp	1.0
Rv1587c:Gly184Asp	1.0
Rv1587c:Ile52Leu	1.0
Rv1587c:Leu179Leu	1.0
Rv1588c:Val131Ile	1.0
Rv1592c:Glu321Glu	1.0
Rv1592c:Ile322Val	1.0
Rv1597:Gly21Asp	1.0
Rv1602:Ser201Asn	1.0
Rv1604:Pro124Gln	1.0
Rv1618:His121Leu	1.0
Rv1639c:Thr180Thr	1.0
Rv1644:Leu232Pro	1.0
Rv1647:Ala2Pro	1.0
Rv1650:Gly683Cys	1.0
Rv1651c:Asn191Ser	1.0
Rv1652:Pro134Leu	1.0
Rv1660:Leu350Leu	1.0
Rv1661:Glu1814Lys	1.0
Rv1662:Ala1357Thr	1.0
Rv1676:Ser149Ser	1.0
Rv1682:Ala298Ala	1.0
Rv1689:Leu70Leu	1.0
Rv1691:Leu63Leu	1.0
Rv1694:Leu11Leu	1.0
Rv1704c:Arg477Gly	1.0
Rv1704c:Arg93Leu	1.0
Rv1704c:Leu80Leu	1.0
Rv1716:Ala260Ala	1.0
Rv1716:Ser178Gly	1.0
Rv1716:Val276Ala	1.0
Rv1724c:Lys95Lys	1.0
Rv1733c:Gln68His	1.0
Rv1739c:Arg134Leu	1.0
Rv1753c:Asn488Thr	1.0
Rv1753c:Pro625Pro	1.0
Rv1758:Arg6Gly	1.0
Rv1759c:1992324_del	1.0
Rv1760:Glu219Val	1.0
Rv1760:Met397Thr	1.0
Rv1768:Ser66Arg	1.0
Rv1773c:His89Tyr	1.0
Rv1777:Pro112Pro	1.0
Rv1783:Glu296Glu	1.0
Rv1783:Ser1204Ser	1.0
Rv1787:Ala283Val	1.0
Rv1788:Ser2Pro	1.0
Rv1789:2027335_2027340_del	1.0
Rv1800:Ala150Val	1.0
Rv1801:2042639_ins_G	1.0
Rv1803c:Ile511Ile	1.0
Rv1809:Ala155Ala	1.0
Rv1809:Val252Leu	1.0
Rv1811:Arg182His	1.0
Rv1812c:Leu30Pro	1.0
Rv1815:Ile83Phe	1.0
Rv1818c:Ala239Ala	1.0
Rv1821:Ser59Arg	1.0
Rv1842c:2091793_2091798_del	1.0
Rv1844c:2094912_2094917_del	1.0
Rv1844c:His53Pro	1.0
Rv1846c:Thr138Thr	1.0
Rv1860:Phe136Leu	1.0
Rv1867:Gly380Gly	1.0
Rv1868:Cys533Cys	1.0
Rv1878:Leu283Leu	1.0
Rv1883c:Val73Ala	1.0
Rv1895:Val270Leu	1.0
Rv1900c:Ile204Met	1.0
Rv1915:2161343_ins_T	1.0
Rv1915:Gly179Asp	1.0
Rv1917c:Ala1273Ala	1.0
Rv1917c:Ala1273Gly	1.0
Rv1917c:Ala603Ala	1.0
Rv1917c:Ala628Ala	1.0
Rv1917c:Asn1290Asp	1.0
Rv1917c:Asn1313Asp	1.0
Rv1917c:Gly1272Gly	1.0
Rv1917c:Gly1304Gly	1.0
Rv1917c:Leu1270Leu	1.0
Rv1917c:Pro1286Arg	1.0
Rv1917c:Pro1303Pro	1.0
Rv1917c:Ser676Ala	1.0
Rv1928c:Met134Val	1.0
Rv1945:Ala327Ala	1.0
Rv1945:Asn326His	1.0
Rv1945:His328Asn	1.0
Rv1957:Asp84Asn	1.0
Rv1968:Lys67Lys	1.0
Rv1971:Ala396Glu	1.0
Rv1977:Ser253Ser	1.0
Rv1982c:Leu126His	1.0
Rv1995:Leu158Pro	1.0
Rv1996:Pro162Pro	1.0
Rv1996:Ser119Ser	1.0
Rv1999c:Pro123Pro	1.0
Rv2002:Ile6Ile	1.0
Rv2002:Ser174Gly	1.0
Rv2006:Arg484Arg	1.0
Rv2016:Pro112Leu	1.0
Rv2017:Ala262Glu	1.0
Rv2018:Ala46Val	1.0
Rv2024c:Asp154Gly	1.0
Rv2024c:Trp47Arg	1.0
Rv2037c:Cys312Tyr	1.0
Rv2039c:Val131Phe	1.0
Rv2041c:Asp242Asp	1.0
Rv2048c:Ala2250Ala	1.0
Rv2048c:Ala227Ala	1.0
Rv2048c:Asp2144Asp	1.0
Rv2048c:Glu973Asp	1.0
Rv2048c:Gly1572Gly	1.0
Rv2048c:Gly3602Gly	1.0
Rv2048c:His2147Gln	1.0
Rv2048c:Leu1660Leu	1.0
Rv2048c:Leu3690Leu	1.0
Rv2048c:Pro2145Pro	1.0
Rv2048c:Pro3649Ala	1.0
Rv2051c:Ala9Gly	1.0
Rv2052c:Pro473Pro	1.0
Rv2067c:Glu288Lys	1.0
Rv2072c:Leu205Pro	1.0
Rv2077c:Ala96Ala	1.0
Rv2078:Glu6Gly	1.0
Rv2079:Tyr47Cys	1.0
Rv2082:2339609_2339614_del	1.0
Rv2082:2339948_ins_CC	1.0
Rv2082:Ala94Ala	1.0
Rv2082:Ala96Thr	1.0
Rv2082:Pro299Pro	1.0
Rv2082:Pro638Arg	1.0
Rv2083:Leu256Val	1.0
Rv2088:Leu209Leu	1.0
Rv2090:Phe358Leu	1.0
Rv2101:Ala557Ala	1.0
Rv2101:Val455Val	1.0
Rv2102:Pro98Thr	1.0
Rv2109c:Arg135Pro	1.0
Rv2125:Gly33Ser	1.0
Rv2126c:Glu80Glu	1.0
Rv2143:Arg133Arg	1.0
Rv2145c:Asp126Asp	1.0
Rv2147c:Ala220Thr	1.0
Rv2155c:Arg247Gly	1.0
Rv2155c:Thr80Ile	1.0
Rv2162c:Ala277Ala	1.0
Rv2178c:Asp265Glu	1.0
Rv2198c:Ala59Ala	1.0
Rv2209:Asn100Asn	1.0
Rv2226:Asp299Asn	1.0
Rv2236c:Ser79Cys	1.0
Rv2237:Pro78Pro	1.0
Rv2244:Ala102Ala	1.0
Rv2247:Asp200Asp	1.0
Rv2247:Val319Val	1.0
Rv2251:2525723_del	1.0
Rv2251:Pro470Pro	1.0
Rv2256c:Thr65Thr	1.0
Rv2258c:Ala52Ala	1.0
Rv2268c:2542966_del	1.0
Rv2270:Gln167Arg	1.0
Rv2277c:Thr6Thr	1.0
Rv2296:Asp257Gly	1.0
Rv2302:Arg70Arg	1.0
Rv2307c:Met24Thr	1.0
Rv2310:Glu44Lys	1.0
Rv2314c:Gly388Gly	1.0
Rv2316:Val127Leu	1.0
Rv2326c:Asn516Asn	1.0
Rv2329c:Met234Ile	1.0
Rv2333c:Asp69Tyr	1.0
Rv2337c:Gly119Val	1.0
Rv2338c:Asp189Gly	1.0
Rv2339:2616103_del	1.0
Rv2339:2616404_2616406_del	1.0
Rv2340c:His412His	1.0
Rv2346c:His13His	1.0
Rv2351c:Gly152Gly	1.0
Rv2351c:Ile159Ile	1.0
Rv2351c:Leu165Leu	1.0
Rv2352c:Leu103Leu	1.0
Rv2352c:Leu103Trp	1.0
Rv2360c:Ala66Thr	1.0
Rv2377c:Val69Ala	1.0
Rv2379c:Glu589Asp	1.0
Rv2382c:Ala181Ala	1.0
Rv2386a:Thr67Thr	1.0
Rv2389c:Gly114Gly	1.0
Rv2394:Gly569Ala	1.0
Rv2398c:Gly141Ala	1.0
Rv2402:Val571Met	1.0
Rv2407:Gly64Ser	1.0
Rv2424c:Ala72Ala	1.0
Rv2427c:Glu232Glu	1.0
Rv2436:Val282Ala	1.0
Rv2439c:Ala226Ser	1.0
Rv2440c:Gly171Gly	1.0
Rv2443:Gly88Ser	1.0
Rv2450c:Arg126Gln	1.0
Rv2457c:Tyr33Tyr	1.0
Rv2458:Glu155Lys	1.0
Rv2458:Tyr125Cys	1.0
Rv2473:Ala9Thr	1.0
Rv2476c:Ser1043Gly	1.0
Rv2481c:2786786_2786787_del	1.0
Rv2482c:Ala107Ala	1.0
Rv2482c:Arg180Gln	1.0
Rv2482c:Asp329Gly	1.0
Rv2482c:Cys778Arg	1.0
Rv2494:Arg66Pro	1.0
Rv2495c:Thr107Ala	1.0
Rv2495c:Thr292Thr	1.0
Rv2503c:Gly97Gly	1.0
Rv2503c:Pro40Leu	1.0
Rv2505c:Ala85Ala	1.0
Rv2512c:Asp286Asn	1.0
Rv2512c:Gln328Lys	1.0
Rv2512c:Leu82Leu	1.0
Rv2513:Thr122Lys	1.0
Rv2531c:Ala841Ala	1.0
Rv2538c:Gly105Gly	1.0
Rv2542:Thr211Ala	1.0
Rv2542:Val251Val	1.0
Rv2543:Ala116Ala	1.0
Rv2543:Ala132Ala	1.0
Rv2543:Ala138Val	1.0
Rv2543:Ala139Thr	1.0
Rv2543:Asn38Ser	1.0
Rv2543:Glu68Glu	1.0
Rv2543:Gly47Asp	1.0
Rv2543:His37Gln	1.0
Rv2543:Ile137Val	1.0
Rv2543:Leu70Leu	1.0
Rv2543:Lys60Lys	1.0
Rv2543:Thr34Thr	1.0
Rv2544:Ala28Ala	1.0
Rv2544:Gln75Arg	1.0
Rv2544:Gly47Asp	1.0
Rv2544:His59Asn	1.0
Rv2546:Lys93Lys	1.0
Rv2552c:Pro255Pro	1.0
Rv2560:Val210Leu	1.0
Rv2565:Ala187Glu	1.0
Rv2566:Ala1035Ala	1.0
Rv2566:Ala1087Ala	1.0
Rv2566:Leu610Pro	1.0
Rv2567:Gln645Arg	1.0
Rv2567:Gly491Gly	1.0
Rv2569c:Ser67Ser	1.0
Rv2573:Pro99Ser	1.0
Rv2582:Leu55Leu	1.0
Rv2584c:Ala147Glu	1.0
Rv2585c:Ala128Ala	1.0
Rv2585c:Cys462Ser	1.0
Rv2585c:Ser285Ser	1.0
Rv2592c:Pro281Pro	1.0
Rv2598:Pro10Pro	1.0
Rv2611c:Ile102Met	1.0
Rv2611c:Ser197Cys	1.0
Rv2621c:Ala190Asp	1.0
Rv2627c:Arg104Gly	1.0
Rv2631:Gly393Asp	1.0
Rv2650c:Ile101Thr	1.0
Rv2665:2982953_ins_C	1.0
Rv2665:Pro86Pro	1.0
Rv2668:His3Arg	1.0
Rv2680:Ser11Asn	1.0
Rv2688c:Ala11Ala	1.0
Rv2688c:Pro156Thr	1.0
Rv2691:Thr117Ala	1.0
Rv2694c:Leu26Val	1.0
Rv2697c:Val122Leu	1.0
Rv2702:Ile203Thr	1.0
Rv2709:Ser86Pro	1.0
Rv2729c:Ala202Glu	1.0
Rv2741:Gly136Gly	1.0
Rv2741:Gly56Gly	1.0
Rv2756c:Leu306Pro	1.0
Rv2761c:Gly25Val	1.0
Rv2769c:3078608_ins_T	1.0
Rv2769c:Val270Met	1.0
Rv2771c:Leu80Pro	1.0
Rv2783c:Ile292Ile	1.0
Rv2783c:Leu335Leu	1.0
Rv2787:Ser566Ile	1.0
Rv2794c:Met87Val	1.0
Rv2800:Gly348Ser	1.0
Rv2807:Glu72Val	1.0
Rv2812:Arg395Gly	1.0
Rv2823c:3131469_ins_TGTCGGCGA	1.0
Rv2825c:Lys2Glu	1.0
Rv2828A:Arg89Trp	1.0
Rv2828A:Leu8Leu	1.0
Rv2830c:Ala56Val	1.0
Rv2839c:Val44Val	1.0
Rv2850c:3159999_3160000_del	1.0
Rv2853:Arg180Gly	1.0
Rv2866:Arg21Arg	1.0
Rv2874:Tyr672Asp	1.0
Rv2875:Ala21Thr	1.0
Rv2885c:3195262_ins_AGC	1.0
Rv2885c:Ala253Val	1.0
Rv2916c:Arg35Arg	1.0
Rv2917:Arg594Leu	1.0
Rv2923c:Ala137Val	1.0
Rv2931:Ala803Ala	1.0
Rv2931:Ala803Thr	1.0
Rv2931:Arg804Arg	1.0
Rv2931:Arg810Arg	1.0
Rv2931:Arg877Arg	1.0
Rv2931:Arg877His	1.0
Rv2931:Asp624Glu	1.0
Rv2931:His955Pro	1.0
Rv2931:Phe811Phe	1.0
Rv2931:Ser813Ser	1.0
Rv2933:Gly270Gly	1.0
Rv2933:Ser864Arg	1.0
Rv2935:Ala615Ala	1.0
Rv2935:Gln1016Gln	1.0
Rv2944:Pro45His	1.0
Rv2947c:Val333Ala	1.0
Rv2948c:Ala268Thr	1.0
Rv2976c:Leu167Leu	1.0
Rv2981c:Ala295Thr	1.0
Rv2981c:Thr365Ala	1.0
Rv2982c:Pro133Ala	1.0
Rv2984:Val159Phe	1.0
Rv2995c:Thr179Thr	1.0
Rv2997:Arg21Arg	1.0
Rv2999:Met212Leu	1.0
Rv3008:Ala204Ala	1.0
Rv3009c:Gly343Gly	1.0
Rv3011c:Ala233Thr	1.0
Rv3014c:Arg448Leu	1.0
Rv3023c:Asp286Asn	1.0
Rv3023c:Gln328Lys	1.0
Rv3023c:Leu82Leu	1.0
Rv3031:Pro46Pro	1.0
Rv3037c:Ala23Val	1.0
Rv3037c:Arg21Arg	1.0
Rv3041c:Ala16Ala	1.0
Rv3042c:Gly116Glu	1.0
Rv3043c:Thr182Thr	1.0
Rv3057c:Val275Ala	1.0
Rv3062:Pro91Ser	1.0
Rv3063:Arg559Ser	1.0
Rv3063:His378Asp	1.0
Rv3077:Arg308Arg	1.0
Rv3077:Arg452His	1.0
Rv3077:Gly310Arg	1.0
Rv3084:Ala156Val	1.0
Rv3084:Val243Val	1.0
Rv3088:Leu449Leu	1.0
Rv3089:Ala302Ala	1.0
Rv3093c:3462145_ins_GGCGC	1.0
Rv3093c:Cys210Trp	1.0
Rv3097c:Pro427Leu	1.0
Rv3113:Gly134Glu	1.0
Rv3113:Val91Ala	1.0
Rv3115:Asp286Asn	1.0
Rv3115:Gln328Lys	1.0
Rv3121:Lys157Glu	1.0
Rv3125c:Gln183_	1.0
Rv3135:Thr111Ser	1.0
Rv3137:Pro168Leu	1.0
Rv3151:Ile474Met	1.0
Rv3151:Thr604Ala	1.0
Rv3159c:Arg33Gly	1.0
Rv3159c:Asn322Asn	1.0
Rv3159c:Asn324Asn	1.0
Rv3159c:Asn335Asn	1.0
Rv3159c:Gly333Gly	1.0
Rv3159c:Leu336Leu	1.0
Rv3176c:Pro197Pro	1.0
Rv3190c:Leu138Pro	1.0
Rv3190c:Ser27Arg	1.0
Rv3200c:Val194Phe	1.0
Rv3204:Thr34Ala	1.0
Rv3210c:Glu156Glu	1.0
Rv3213c:Lys144Glu	1.0
Rv3228:Ala32Ala	1.0
Rv3239c:Leu874Leu	1.0
Rv3243c:Val217Val	1.0
Rv3245c:Met517Leu	1.0
Rv3279c:Val225Ile	1.0
Rv3282:Ala20Ala	1.0
Rv3291c:Pro150Gln	1.0
Rv3296:Leu217Ile	1.0
Rv3303c:Cys472_	1.0
Rv3306c:Ala101Thr	1.0
Rv3306c:His39Tyr	1.0
Rv3317:Val54Leu	1.0
Rv3328c:Pro41Gln	1.0
Rv3329:Gln122His	1.0
Rv3331:Pro423Leu	1.0
Rv3331:Val125Val	1.0
Rv3335c:Gly265Gly	1.0
Rv3343c:Asn1542Asn	1.0
Rv3343c:Asn2098Asn	1.0
Rv3343c:Asn2118Asn	1.0
Rv3343c:Glu103Ala	1.0
Rv3343c:Gly1489Gly	1.0
Rv3343c:Gly2065Gly	1.0
Rv3343c:Ile1581Thr	1.0
Rv3343c:Ile2157Thr	1.0
Rv3343c:Leu763Leu	1.0
Rv3343c:Thr1563Thr	1.0
Rv3343c:Thr2139Thr	1.0
Rv3347c:Ala2800Val	1.0
Rv3347c:Asn1564Asn	1.0
Rv3347c:Asn2138Asn	1.0
Rv3347c:Gly2150Gly	1.0
Rv3347c:Gly2151Ser	1.0
Rv3347c:Ile2084Ile	1.0
Rv3347c:Ile326Ile	1.0
Rv3347c:Leu2097Leu	1.0
Rv3347c:Leu2259Pro	1.0
Rv3347c:Leu643Arg	1.0
Rv3347c:Phe2132Tyr	1.0
Rv3347c:Pro23Pro	1.0
Rv3347c:Pro7Pro	1.0
Rv3347c:Ser2119Thr	1.0
Rv3347c:Thr2144Thr	1.0
Rv3347c:Thr2153Asn	1.0
Rv3347c:Thr2153Thr	1.0
Rv3350c:Gly2111Gly	1.0
Rv3350c:Phe2088Phe	1.0
Rv3350c:Ser2110Thr	1.0
Rv3370c:Ser561Ser	1.0
Rv3383c:Val132Gly	1.0
Rv3386:Ser10Ser	1.0
Rv3391:Gly330Glu	1.0
Rv3396c:Leu420Val	1.0
Rv3398c:Ala210Ala	1.0
Rv3399:Ala330Glu	1.0
Rv3402c:Val409Val	1.0
Rv3403c:Val235Val	1.0
Rv3408:Ser46Leu	1.0
Rv3410c:Pro47Pro	1.0
Rv3420c:Ala64Ala	1.0
Rv3425:Pro129Pro	1.0
Rv3425:Thr128Ala	1.0
Rv3426:3843408_del	1.0
Rv3426:Cys227Arg	1.0
Rv3426:Leu221Met	1.0
Rv3426:Thr223Thr	1.0
Rv3428c:3844757_del	1.0
Rv3428c:Ser327Cys	1.0
Rv3435c:Ala207Val	1.0
Rv3440c:Glu28Glu	1.0
Rv3445c:Leu13Pro	1.0
Rv3447c:Gly630Glu	1.0
Rv3447c:Ser1082Gly	1.0
Rv3451:Gly209Asp	1.0
Rv3456c:Pro4Pro	1.0
Rv3466:Val131Ile	1.0
Rv3467:Ala128Ala	1.0
Rv3467:Arg127Arg	1.0
Rv3467:Arg296Arg	1.0
Rv3467:Arg296Cys	1.0
Rv3467:Asn276Lys	1.0
Rv3467:Glu256Asp	1.0
Rv3467:Gly262Asp	1.0
Rv3467:Ile130Leu	1.0
Rv3467:Leu257Leu	1.0
Rv3467:Lys315Glu	1.0
Rv3467:Pro295Pro	1.0
Rv3468c:Ile62Val	1.0
Rv3470c:Phe294Phe	1.0
Rv3478:Glu282Gln	1.0
Rv3479:Ala863Ala	1.0
Rv3479:Leu174Arg	1.0
Rv3506:Phe282Val	1.0
Rv3507:3929090_3929098_del	1.0
Rv3508:Ser1180Ala	1.0
Rv3508:Ser1232Asn	1.0
Rv3508:Ser979Ala	1.0
Rv3511:Gly589Ser	1.0
Rv3513c:Gly77Asp	1.0
Rv3514:Thr1462Ala	1.0
Rv3515c:Ala348Pro	1.0
Rv3515c:Gly407Asp	1.0
Rv3516:Gly86Asp	1.0
Rv3521:Asn295Asp	1.0
Rv3522:Thr324Ile	1.0
Rv3523:Tyr143_	1.0
Rv3529c:Gln76_	1.0
Rv3533c:Ser342Arg	1.0
Rv3534c:Glu147Asp	1.0
Rv3545c:Trp3Gly	1.0
Rv3563:Thr120Thr	1.0
Rv3564:Leu121Leu	1.0
Rv3581c:Val25Val	1.0
Rv3585:Gln152Gln	1.0
Rv3590c:Gly511Gly	1.0
Rv3593:Ala159Val	1.0
Rv3595c:Gly256Gly	1.0
Rv3616c:Thr192Ile	1.0
Rv3619c:Gln20Leu	1.0
Rv3619c:His13His	1.0
Rv3619c:Leu57Leu	1.0
Rv3619c:Ser23Leu	1.0
Rv3620c:Gly42Gly	1.0
Rv3624c:Leu75Met	1.0
Rv3630:Ala40Thr	1.0
Rv3646c:His152His	1.0
Rv3655c:4095002_del	1.0
Rv3657c:Gly130Arg	1.0
Rv3669:Val159Val	1.0
Rv3703c:Pro193Gln	1.0
Rv3708c:Ala31Ala	1.0
Rv3708c:Pro121Pro	1.0
Rv3711c:Val211Leu	1.0
Rv3714c:Pro209Pro	1.0
Rv3719:Thr12Ala	1.0
Rv3727:Pro154Pro	1.0
Rv3729:Arg24Cys	1.0
Rv3729:Val142Ala	1.0
Rv3731:Arg313His	1.0
Rv3736:Ala284Ala	1.0
Rv3737:Asp40Gly	1.0
Rv3739c:Gly62Gly	1.0
Rv3759c:His311His	1.0
Rv3759c:Leu85Pro	1.0
Rv3764c:Cys246Arg	1.0
Rv3776:Leu134Leu	1.0
Rv3776:Met329Val	1.0
Rv3777:Leu63Leu	1.0
Rv3777:Val160Ala	1.0
Rv3792:Ala456Val	1.0
Rv3793:Arg927Arg	1.0
Rv3793:Val981Leu	1.0
Rv3798:Thr425Thr	1.0
Rv3799c:His9His	1.0
Rv3800c:Arg1309Arg	1.0
Rv3800c:Pro1463Pro	1.0
Rv3825c:Asp1197Asp	1.0
Rv3826:Asp282Asn	1.0
Rv3827c:Thr252Ala	1.0
Rv3831:Ser133Ser	1.0
Rv3833:Arg21Arg	1.0
Rv3833:Val105Ile	1.0
Rv3841:Leu156Leu	1.0
Rv3843c:Ala112Gly	1.0
Rv3859c:Asp1499Asp	1.0
Rv3863:Ala386Ala	1.0
Rv3872:Glu99_	1.0
Rv3873:Ala29Val	1.0
Rv3874:Glu68Lys	1.0
Rv3877:Leu368Leu	1.0
Rv3878:Thr144Lys	1.0
Rv3879c:Cys729Ser	1.0
Rv3879c:Leu39Trp	1.0
Rv3879c:Pro216Pro	1.0
Rv3879c:Thr206Thr	1.0
Rv3879c:Thr212Thr	1.0
Rv3882c:Val205Ala	1.0
Rv3884c:Ala189Ala	1.0
Rv3884c:Gln460_	1.0
Rv3884c:Glu215Gly	1.0
Rv3886c:4369614_del	1.0
Rv3889c:4373008_del	1.0
Rv3892c:4375624_ins_G	1.0
Rv3894c:Arg258Pro	1.0
Rv3896c:Ala266Ala	1.0
Rv3896c:Gln193Lys	1.0
Rv3897c:4383144_ins_CGGGG	1.0
Rv3899c:Leu321Leu	1.0
Rv3900c:Leu27Leu	1.0
Rv3901c:Ala36Thr	1.0
Rv3910:Arg863Arg	1.0
Rv3911:4400661_del	1.0
Rv3911:Asp21Asn	1.0
Rv3914:Ala98Val	1.0
Rv3915:Gly281Gly	1.0
Rv3916c:Gly112Gly	1.0
Lineage 1	0.0
Lineage 1.1	0.0
Lineage 1.1.1	0.0
Lineage 1.1.1.1	0.0
Lineage 1.1.2	0.0
Lineage 1.1.3	0.0
Lineage 1.2.1	0.0
Lineage 1.2.2	0.0
Lineage 2.1	0.0
Lineage 2.2.1	0.0
Lineage 2.2.1.1	0.0
Lineage 2.2.1.2	0.0
Lineage 2.2.2	0.0
Lineage 3	0.0
Lineage 3.1.1	0.0
Lineage 3.1.2	0.0
Lineage 3.1.2.1	0.0
Lineage 3.1.2.2	0.0
Lineage 4	0.0
Lineage 4.1	0.0
Lineage 4.1.1	0.0
Lineage 4.1.1.1	0.0
Lineage 4.1.1.2	0.0
Lineage 4.1.1.3	0.0
Lineage 4.1.2	0.0
Lineage 4.1.2.1	1.0
Lineage 4.2	0.0
Lineage 4.2.1	0.0
Lineage 4.2.2	0.0
Lineage 4.2.2.1	0.0
Lineage 4.3	0.0
Lineage 4.3.1	0.0
Lineage 4.3.2	0.0
Lineage 4.3.2.1	0.0
Lineage 4.3.3	0.0
Lineage 4.3.4	0.0
Lineage 4.3.4.1	0.0
Lineage 4.3.4.2	0.0
Lineage 4.3.4.2.1	0.0
Lineage 4.4	0.0
Lineage 4.4.1	0.0
Lineage 4.4.1.1	0.0
Lineage 4.4.1.2	0.0
Lineage 4.4.2	0.0
Lineage 4.5	0.0
Lineage 4.6	0.0
Lineage 4.6.1	0.0
Lineage 4.6.1.1	0.0
Lineage 4.6.1.2	0.0
Lineage 4.6.2	0.0
Lineage 4.6.2.1	0.0
Lineage 4.6.2.2	0.0
Lineage 4.7	0.0
Lineage 4.8	0.0
Lineage 4.9	0.0
Lineage 5	0.0
Lineage 6	0.0
Lineage 7	0.0
Lineage BOV	0.0
AMK_geno	0.0
BDQ_geno	0.0
CAP_geno	0.0
CFZ_geno	0.0
DCS_geno	0.0
DEL_geno	0.0
EMB_geno	0.0
ETH_geno	0.0
INH_geno	0.0
KAN_geno	0.0
FQ_geno	0.0
LIN_geno	0.0
PAS_geno	0.0
PZA_geno	0.0
RIF_geno	0.0
STR_geno	0.0
